OrderID,Name,Quantity,Amount,VAT,VAT%,Currency
1432159,Cappuccino,1,2.25,0.34,18.00%,EUR
1423259,Scoops,1,3.60,0.55,18.00%,EUR
271688,Espresso,1,1.80,0.27,18.00%,EUR
273732,CAPPUCCINO,1,3.00,0.46,18.00%,EUR
276535,Cappuccino,1,2.50,0.38,18.00%,EUR
276188,MACCHIATO,2,3.60,0.55,18.00%,EUR
1418383,Scoops,2,4.60,0.70,18.00%,EUR
276844,ESPRESSO,2,3.00,0.46,18.00%,EUR
271425,MacNCheese,1,9.00,1.37,18.00%,EUR
272416,Espresso,1,1.80,0.27,18.00%,EUR
271617,BCRS,2,0.20,0.03,18.00%,EUR
274812,Capuccino,1,2.00,0.31,18.00%,EUR
274931,Cisk,4,8.00,1.22,18.00%,EUR
274931,Limoncello,1,2.50,0.38,18.00%,EUR
271658,BCRS,1,0.10,0.02,18.00%,EUR
276405,ESPRESSO,2,3.00,0.46,18.00%,EUR
272811,BCRS,2,0.20,0.03,18.00%,EUR
274754,Cappuccino,2,5.00,0.76,18.00%,EUR
1419223,Water,1,1.00,0.15,18.00%,EUR
275306,MOCHA,1,2.70,0.41,18.00%,EUR
275306,ESPRESSO,1,1.50,0.23,18.00%,EUR
1418079,Capuccino,2,3.00,0.46,18.00%,EUR
1418079,Cookies,1,2.00,0.31,18.00%,EUR
1433611,DairyMILK,1,1.70,0.26,18.00%,EUR
275861,Americano,1,2.20,0.34,18.00%,EUR
1437664,TYRELLS,1,1.10,0.17,18.00%,EUR
276772,Pancakes,1,6.50,0.99,18.00%,EUR
276772,Bfastbox,1,EUR,EUR,2.97,EUR
275955,CAPPUCCINO,1,2.50,0.38,18.00%,EUR
272947,CAPPUCCINO,3,7.50,1.14,18.00%,EUR
272947,ESPRESSO,1,1.50,0.23,18.00%,EUR
272947,Toast,1,2.00,0.31,18.00%,EUR
273553,Toast,1,2.00,0.31,18.00%,EUR
273553,BAGEL,1,5.80,0.88,18.00%,EUR
273553,ESPRESSO,2,3.00,0.46,18.00%,EUR
1432450,Scoops,3,6.90,1.05,18.00%,EUR
272649,CALZONE,1,3.50,0.53,18.00%,EUR
271819,Cappuccino,1,2.50,0.38,18.00%,EUR
275448,BAGEL,1,5.80,0.88,18.00%,EUR
273841,Cappuccino,1,2.50,0.38,18.00%,EUR
1441079,Maltese,1,16.00,2.44,18.00%,EUR
1441079,Tiara,1,30.00,4.58,18.00%,EUR
1441079,Oban,1,8.00,1.22,18.00,EUR
272945,Americano,1,2.20,0.34,18.00%,EUR
275856,Cocktail,2,19.00,2.90,18.00%,EUR
275348,CAPPUCCINO,1,2.50,0.38,18.00%,EUR
271402,BCRS,1,0.10,0.02,18.00%,EUR
1436811,Tea,1,0.80,0.12,18.00%,EUR
273719,Cappuccino,1,2.50,0.38,18.00%,EUR
271526,Slush,1,3.25,0.50,18.00%,EUR
273793,BCRS,1,0.10,0.02,18.00%,EUR
274780,Cidre,1,3.40,0.52,18.00%,EUR
276062,Espresso,1,1.80,0.27,18.00%,EUR
275799,Coleslaw,1,2.35,0.36,18.00%,EUR
275799,BBQ,1,0.70,0.11,18.00%,EUR
272554,WRAPS,1,6.00,0.92,18.00%,EUR
271672,Cappuccino,1,2.50,0.38,18.00%,EUR
271672,Latte,2,5.00,0.76,18.00%,EUR
1439445,MAGNUM,1,3.50,0.53,18.00%,EUR
276777,Cappuccino,2,5.00,0.76,18.00%,EUR
1432709,Cappuccino,1,2.25,0.34,18.00%,EUR
1432709,Kinnie,1,2.00,0.31,18.00%,EUR
271323,Latte,1,2.50,0.38,18.00%,EUR
271323,Smoothies,1,4.00,0.61,18.00%,EUR
271323,Heineken,1,2.90,0.44,18.00%,EUR
276131,Cappuccino,1,2.50,0.38,18.00%,EUR
1421517,MUFFINS,3,6.00,0.92,18.00%,EUR
271313,AMERICANO,1,2.00,0.31,18.00%,EUR
271313,CAPPUCCINO,1,2.50,0.38,18.00%,EUR
271963,CAPPUCCINO,1,2.50,0.38,18.00%,EUR
271963,BAGEL,1,5.80,0.88,18.00%,EUR
1425780,CROSSAINTS,1,2.50,0.38,18.00%,EUR
275819,Cappuccino,1,2.50,0.38,18.00%,EUR
275926,MOCHA,1,2.70,0.41,18.00%,EUR
275926,BAGEL,5,29.00,4.42,18.00%,EUR
275926,LATTE,1,3.70,0.56,18.00%,EUR
275926,WRAPS,1,6.00,0.92,18.00%,EUR
275926,PIES,1,5.50,0.84,18.00%,EUR
275926,MACCHIATO,1,1.80,0.27,18.00%,EUR
271422,MACCHIATO,1,1.80,0.27,18.00%,EUR
274050,Latte,1,2.50,0.38,18.00%,EUR
1417256,Tea,5,4.00,0.61,18.00%,EUR
1436542,Cisk,1,2.40,0.37,18.00%,EUR
271293,Coffee,2,4.50,0.69,18.00%,EUR
271155,Smirnoff,2,5.00,0.76,18.00%,EUR
1423129,Crisps,1,1.30,0.20,18.00%,EUR
1423129,Heineken,1,2.20,0.34,18.00%,EUR
274775,Caprese,1,14.50,2.21,18.00%,EUR
276066,TEA,1,1.50,0.23,18.00%,EUR
272228,BCRS,1,0.10,0.02,18.00%,EUR
276607,BCRS,1,0.05,0.01,18.00%,EUR
272015,Tea,2,5.00,0.76,18.00%,EUR
271108,Americano,1,2.20,0.34,18.00%,EUR
271825,Slush,3,9.75,1.49,18.00%,EUR
273204,Slush,1,3.25,0.50,18.00%,EUR
1423250,Scoops,1,4.60,0.70,18.00%,EUR
1424705,Espresso,1,1.40,0.21,18.00%,EUR
1419730,Scoops,2,7.20,1.10,18.00%,EUR
1418316,Tea,2,1.60,0.24,18.00%,EUR
275029,CAPPUCCINO,1,2.50,0.38,18.00%,EUR
275029,CALZONE,1,3.50,0.53,18.00%,EUR
271336,Americano,1,3.00,0.46,18.00%,EUR
276614,Nibble,2,13.50,2.06,18.00%,EUR
273862,Cisk,3,8.10,1.24,18.00%,EUR
276415,BCRS,1,0.10,0.02,18.00%,EUR
1424811,Espresso,1,1.40,0.21,18.00%,EUR
276116,Americano,2,4.40,0.67,18.00%,EUR
276116,Cappuccino,1,2.50,0.38,18.00%,EUR
271781,Slush,1,3.25,0.50,18.00%,EUR
1437971,Cappucino,1,2.00,0.31,18.00%,EUR
1437971,Pepsi,1,1.90,0.29,18.00%,EUR
276481,Espresso,1,0.00,0.00,18.00%,EUR
275289,CAPPUCCINO,1,2.50,0.38,18.00%,EUR
275289,CAPPUCCINO,1,3.00,0.46,18.00%,EUR
1425217,Heineken,1,1.90,0.29,18.00%,EUR
1441261,Espresso,2,4.00,0.61,18.00%,EUR
1441261,Crossant,2,3.00,0.46,18.00,EUR
271531,Cappuccino,3,7.50,1.14,18.00%,EUR
271389,MACCHIATO,1,1.80,0.27,18.00%,EUR
273638,BAGEL,1,5.80,0.88,18.00%,EUR
271436,Americano,1,2.20,0.34,18.00%,EUR
272077,Cappuccino,1,2.50,0.38,18.00%,EUR
271687,Espresso,1,1.80,0.27,18.00%,EUR
1420391,Espresso,1,1.20,0.18,18.00%,EUR
1420391,Mochacino,1,2.30,0.35,18.00%,EUR
1430372,TYRELLS,1,1.10,0.17,18.00%,EUR
273839,Slush,1,3.25,0.50,18.00%,EUR
273839,Espresso,1,1.80,0.27,18.00%,EUR
271997,LATTE,2,6.40,0.98,18.00%,EUR
1428919,Heineken,1,2.20,0.34,18.00%,EUR
273872,Aperitivo,1,20.00,3.05,18.00%,EUR
273872,Tiramisu,2,14.00,2.14,18.00%,EUR
1434446,Cappuccino,2,0.00,0.00,18.00%,EUR
274905,Aperitivo,1,20.00,3.05,18.00%,EUR
275284,ESPRESSO,2,3.00,0.46,18.00%,EUR
271450,CAPPUCCINO,2,5.00,0.76,18.00%,EUR
271520,BCRS,2,0.20,0.03,18.00%,EUR
272213,LATTE,1,3.20,0.49,18.00%,EUR
272004,LATTE,1,3.70,0.56,18.00%,EUR
272762,Slush,1,3.25,0.50,18.00%,EUR
1423187,Espresso,1,1.20,0.18,18.00%,EUR
1419681,Cisk,1,1.50,0.23,18.00%,EUR
275829,Cappuccino,1,2.50,0.38,18.00%,EUR
1421732,MUFFINS,3,6.00,0.92,18.00%,EUR
274080,CAPPUCCINO,1,2.50,0.38,18.00%,EUR
272531,CAPPUCCINO,1,2.50,0.38,18.00%,EUR
1420335,Strongbow,1,3.50,0.53,18.00%,EUR
1437371,WATER,1,1.00,0.15,18.00%,EUR
1439669,Aloe,1,2.50,0.38,18.00%,EUR
274629,ESPRESSO,1,1.50,0.23,18.00%,EUR
271245,BCRS,1,0.10,0.02,18.00%,EUR
1434407,7UP,1,1.90,0.29,18.00%,EUR
273449,BAGEL,1,5.80,0.88,18.00%,EUR
273449,LATTE,1,3.20,0.49,18.00%,EUR
1425137,MUFFINS,3,6.00,0.92,18.00%,EUR
276231,CAPPUCCINO,1,2.50,0.38,18.00%,EUR
272840,Limoncello,2,5.00,0.76,18.00%,EUR
1441476,Capuccino,2,3.00,0.46,18.00%,EUR
1441540,Cisk,1,1.50,0.23,18.00%,EUR
273961,CAPPUCCINO,1,3.00,0.46,18.00%,EUR
1420293,Americano,1,1.50,0.23,18.00%,EUR
1420293,Capuccino,1,1.50,0.23,18.00%,EUR
271269,CAPPUCCINO,1,2.50,0.38,18.00%,EUR
272167,ESPRESSO,2,3.00,0.46,18.00%,EUR
272167,Decaf,2,EUR,EUR,INF,EUR
273746,Milkshakes,1,4.00,0.61,18.00%,EUR
276615,Cappuccino,1,2.50,0.38,18.00%,EUR
271605,Burrata,1,18.00,2.75,18.00%,EUR
276750,BCRS,1,0.10,0.02,18.00%,EUR
1424940,Pepsi,1,1.90,0.29,18.00%,EUR
1434839,CROSSAINTS,1,2.50,0.38,18.00%,EUR
276797,Cappuccino,1,2.50,0.38,18.00%,EUR
1420774,Americano,1,1.40,0.21,18.00%,EUR
1420774,Cappucino,1,2.00,0.31,18.00%,EUR
276446,ESPRESSO,1,1.50,0.23,18.00%,EUR
275752,BAGEL,1,5.80,0.88,18.00%,EUR
1434012,Americano,1,1.40,0.21,18.00%,EUR
1434012,Pastizzi,1,0.70,0.11,18.00%,EUR
276068,Cappuccino,1,2.50,0.38,18.00%,EUR
276672,Cappuccino,1,2.50,0.38,18.00%,EUR
1440108,Cisk,1,2.40,0.37,18.00%,EUR
1419693,Shandy,1,1.50,0.23,18.00%,EUR
1419693,Skol,1,1.90,0.29,18.00%,EUR
275809,BEER,2,4.00,0.61,18.00%,EUR
275809,BCRS,2,0.20,0.03,18.00%,EUR
276233,Capuccino,1,2.00,0.31,18.00%,EUR
276233,Plain,1,3.20,0.49,18.00,EUR
1440354,Tea,1,0.80,0.12,18.00%,EUR
272494,CAPPUCCINO,1,2.50,0.38,18.00%,EUR
274062,Cappuccino,1,2.50,0.38,18.00%,EUR
271541,Cisk,2,4.00,0.61,18.00%,EUR
275877,ESPRESSO,1,1.50,0.23,18.00%,EUR
276771,Pancakes,1,6.50,0.99,18.00%,EUR
1417659,Water,1,1.50,0.23,18.00%,EUR
271716,Monster,2,5.80,0.88,18.00%,EUR
271716,Fonzies,2,2.00,0.31,18.00%,EUR
275049,MACCHIATO,2,3.60,0.55,18.00%,EUR
273794,AMERICANO,1,2.00,0.31,18.00%,EUR
273794,ESPRESSO,1,1.50,0.23,18.00%,EUR
273794,HIBISCUS,1,4.50,0.69,18.00%,EUR
276648,Peppercorn,1,14.95,2.28,18.00%,EUR
276648,Kinnie,1,2.50,0.38,18.00%,EUR
272845,BCRS,2,0.20,0.03,18.00%,EUR
271795,Cappuccino,1,2.50,0.38,18.00%,EUR
271795,Americano,1,2.20,0.34,18.00%,EUR
271795,Latte,1,2.50,0.38,18.00%,EUR
274902,BCRS,1,0.10,0.02,18.00%,EUR
276229,CAPPUCCINO,2,5.00,0.76,18.00%,EUR
271204,Smirnoff,1,3.00,0.46,18.00%,EUR
274928,Cisk,1,4.00,0.61,18.00%,EUR
271490,Muffin,1,2.20,0.34,18.00%,EUR
1426886,POWERADE,1,1.85,0.28,18.00%,EUR
1417090,Americano,1,1.50,0.23,18.00%,EUR
1417090,Capuccino,1,1.50,0.23,18.00%,EUR
1417090,Espresso,1,1.20,0.18,18.00%,EUR
271557,Cisk,1,2.00,0.31,18.00%,EUR
270867,Kinnie,3,5.70,0.87,18.00%,EUR
1420539,Cisk,1,2.40,0.37,18.00%,EUR
1420539,Water,1,1.00,0.15,18.00%,EUR
271682,Slush,1,3.25,0.50,18.00%,EUR
1419819,Espresso,1,1.20,0.18,18.00%,EUR
1419819,Tea,2,1.60,0.24,18.00%,EUR
1420906,Cappucino,2,4.00,0.61,18.00%,EUR
271357,CAPPUCCINO,1,2.50,0.38,18.00%,EUR
272823,Cisk,1,2.70,0.41,18.00%,EUR
1432714,Tea,1,0.80,0.12,18.00%,EUR
274862,BCRS,1,0.10,0.02,18.00%,EUR
1433748,Scoops,1,2.30,0.35,18.00%,EUR
1433748,Scoops,1,3.60,0.55,18.00%,EUR
271761,Americano,1,2.20,0.34,18.00%,EUR
271761,Cappuccino,1,2.50,0.38,18.00%,EUR
273828,Slush,1,3.25,0.50,18.00%,EUR
274843,BCRS,1,0.10,0.02,18.00%,EUR
1430295,MUFFINS,1,2.00,0.31,18.00%,EUR
1428991,Capuccino,1,1.50,0.23,18.00%,EUR
1428991,Tea,1,0.80,0.12,18.00%,EUR
274913,Caprese,1,14.50,2.21,18.00%,EUR
274913,Tiramisu,1,7.00,1.07,18.00%,EUR
271706,Cappuccino,1,2.50,0.38,18.00%,EUR
271706,Espresso,1,1.80,0.27,18.00%,EUR
273499,MACCHIATO,1,1.80,0.27,18.00%,EUR
273499,ESPRESSO,1,1.50,0.23,18.00%,EUR
271503,Latte,1,2.50,0.38,18.00%,EUR
275751,Cappuccino,2,5.00,0.76,18.00%,EUR
1423276,Scoops,1,3.60,0.55,18.00%,EUR
271921,BCRS,1,0.10,0.02,18.00%,EUR
271174,Cisk,1,2.70,0.41,18.00%,EUR
272696,Cappuccino,1,2.50,0.38,18.00%,EUR
271691,Cappuccino,1,2.50,0.38,18.00%,EUR
274823,Redbull,1,2.50,0.38,18.00%,EUR
1425149,Espresso,1,1.40,0.21,18.00%,EUR
1437183,Espresso,1,1.50,0.23,18.00%,EUR
274241,ESPRESSO,1,1.50,0.23,18.00%,EUR
271658,BCRS,1,0.10,0.02,18.00%,EUR
274839,Redbull,1,2.50,0.38,18.00%,EUR
271571,Latte,1,2.50,0.38,18.00%,EUR
272374,Slush,1,3.25,0.50,18.00%,EUR
275654,BAGEL,1,5.80,0.88,18.00%,EUR
271676,Americano,1,2.20,0.34,18.00%,EUR
276739,Smirnoff,1,3.00,0.46,18.00%,EUR
274208,ESPRESSO,1,1.50,0.23,18.00%,EUR
274208,CAPPUCCINO,1,3.00,0.46,18.00%,EUR
276012,CAPPUCCINO,1,2.50,0.38,18.00%,EUR
271101,Cisk,1,2.70,0.41,18.00%,EUR
271101,Heineken,1,2.90,0.44,18.00%,EUR
1434300,Skol,1,1.90,0.29,18.00%,EUR
274927,Cisk,2,4.00,0.61,18.00%,EUR
271808,Americano,1,2.20,0.34,18.00%,EUR
1424085,Espresso,1,1.40,0.21,18.00%,EUR
272418,Slush,1,3.25,0.50,18.00%,EUR
1420887,Americano,2,2.80,0.43,18.00%,EUR
1420887,Cappucino,1,2.00,0.31,18.00%,EUR
272120,MACCHIATO,2,3.60,0.55,18.00%,EUR
271152,Powerade,1,2.40,0.37,18.00%,EUR
274064,AMERICANO,1,2.00,0.31,18.00%,EUR
274064,LATTE,1,3.20,0.49,18.00%,EUR
274064,LATTE,1,3.70,0.56,18.00%,EUR
274064,WRAPS,1,6.00,0.92,18.00%,EUR
273493,BCRS,2,0.10,0.02,18.00%,EUR
276788,Tea,4,10.00,1.53,18.00%,EUR
271403,Coffee,1,2.25,0.34,18.00%,EUR
1420505,Pastries,1,2.00,0.31,18.00%,EUR
275683,CAPPUCCINO,1,2.50,0.38,18.00%,EUR
1436646,Scoops,2,4.60,0.70,18.00%,EUR
276041,CAPPUCCINO,1,2.50,0.38,18.00%,EUR
276041,Toast,1,2.00,0.31,18.00%,EUR
271702,Cappuccino,1,2.50,0.38,18.00%,EUR
271702,Muffin,1,2.20,0.34,18.00%,EUR
275012,Americano,1,2.20,0.34,18.00%,EUR
272953,ESPRESSO,1,1.50,0.23,18.00%,EUR
275514,Milkshakes,1,4.00,0.61,18.00%,EUR
274752,CAPPUCCINO,1,2.50,0.38,18.00%,EUR
272499,WRAPS,1,6.00,0.92,18.00%,EUR
271271,Cappuccino,2,5.00,0.76,18.00%,EUR
275793,Peppercorn,1,15.45,2.36,18.00%,EUR
1436553,Espresso,1,1.20,0.18,18.00%,EUR
1436553,Water,1,1.00,0.15,18.00%,EUR
271927,MACCHIATO,1,1.80,0.27,18.00%,EUR
276751,Jameson,1,3.00,0.46,18.00%,EUR
1434510,Mirinda,1,1.90,0.29,18.00%,EUR
1434510,Sandwich,1,2.00,0.31,18.00,EUR
272062,Espresso,1,1.80,0.27,18.00%,EUR
272062,Cappuccino,1,2.50,0.38,18.00%,EUR
271562,Cocktail,1,9.50,1.45,18.00%,EUR
1430746,Scoops,4,9.20,1.40,18.00%,EUR
1430746,Scoops,1,3.60,0.55,18.00%,EUR
271665,Cisk,2,5.40,0.82,18.00%,EUR
271820,Slush,1,3.25,0.50,18.00%,EUR
1424166,MUFFINS,2,4.00,0.61,18.00%,EUR
271437,GATORADE,1,2.20,0.34,18.00%,EUR
271437,BCRS,1,0.10,0.02,18.00%,EUR
271984,CAPPUCCINO,1,3.00,0.46,18.00%,EUR
271845,Cisk,1,2.00,0.31,18.00%,EUR
274831,Cappuccino,1,2.50,0.38,18.00%,EUR
275379,Espresso,1,1.80,0.27,18.00%,EUR
273858,BCRS,1,0.10,0.02,18.00%,EUR
1420896,Cappucino,1,2.00,0.31,18.00%,EUR
271444,Slush,1,3.25,0.50,18.00%,EUR
274926,JB,1,2.50,0.38,18.00%,EUR
276328,WRAPS,1,6.00,0.92,18.00%,EUR
1421696,MAGNUM,1,3.50,0.53,18.00%,EUR
271801,Cappuccino,1,2.50,0.38,18.00%,EUR
1436069,CROSSAINTS,1,2.50,0.38,18.00%,EUR
275930,ESPRESSO,1,1.50,0.23,18.00%,EUR
272975,CAPPUCCINO,1,3.00,0.46,18.00%,EUR
1439875,MUFFINS,5,10.00,1.53,18.00%,EUR
272406,AMERICANO,2,4.00,0.61,18.00%,EUR
1433554,Espresso,3,4.20,0.64,18.00%,EUR
1433554,Pastizzi,3,2.10,0.32,18.00%,EUR
276218,BCRS,5,0.25,0.04,18.00%,EUR
1416819,Scoops,1,2.30,0.35,18.00%,EUR
1416819,Scoops,1,3.60,0.55,18.00%,EUR
274549,MACCHIATO,1,1.80,0.27,18.00%,EUR
274549,BAGEL,1,5.80,0.88,18.00%,EUR
273498,BCRS,1,0.10,0.02,18.00%,EUR
275873,ESPRESSO,1,1.50,0.23,18.00%,EUR
273151,AMERICANO,1,2.00,0.31,18.00%,EUR
273151,BAGEL,1,5.80,0.88,18.00%,EUR
271385,Cappuccino,1,2.50,0.38,18.00%,EUR
272443,CAPPUCCINO,1,3.00,0.46,18.00%,EUR
275778,BCRS,1,0.10,0.02,18.00%,EUR
272382,BAGEL,1,5.80,0.88,18.00%,EUR
272382,ESPRESSO,1,1.50,0.23,18.00%,EUR
1420165,Capuccino,1,1.50,0.23,18.00%,EUR
274049,Latte,1,2.50,0.38,18.00%,EUR
1432584,Americano,1,1.50,0.23,18.00%,EUR
1432584,Capuccino,2,3.00,0.46,18.00%,EUR
1432584,Scoops,1,3.60,0.55,18.00%,EUR
276709,WATER,1,1.20,0.18,18.00%,EUR
274969,CAPPUCCINO,1,2.50,0.38,18.00%,EUR
274969,Toast,1,2.00,0.31,18.00%,EUR
273125,Cappuccino,1,2.50,0.38,18.00%,EUR
271469,Cappuccino,1,2.50,0.38,18.00%,EUR
271175,KINNIE,1,1.95,0.30,18.00%,EUR
271175,BCRS,1,0.10,0.02,18.00%,EUR
272622,CAPPUCCINO,2,5.00,0.76,18.00%,EUR
1421593,Cappucino,2,4.00,0.61,18.00%,EUR
273853,PEPSI,1,1.95,0.30,18.00%,EUR
273853,MIRINDA,1,1.95,0.30,18.00%,EUR
273853,BCRS,2,0.20,0.03,18.00%,EUR
275548,Espresso,2,3.60,0.55,18.00%,EUR
1440493,Tea,3,2.40,0.37,18.00%,EUR
272761,LATTE,1,3.20,0.49,18.00%,EUR
1436733,Lighter,1,1.30,0.20,18.00%,EUR
275872,MACCHIATO,1,1.80,0.27,18.00%,EUR
1419961,Scoops,2,4.60,0.70,18.00%,EUR
274948,CAPPUCCINO,1,2.50,0.38,18.00%,EUR
272983,CAPPUCCINO,1,3.00,0.46,18.00%,EUR
272983,CAPPUCCINO,1,3.00,0.46,18.00%,EUR
271105,Cidre,1,3.40,0.52,18.00%,EUR
271105,Guinness,1,4.90,0.75,18.00%,EUR
276599,Bavaria,1,2.90,0.44,18.00%,EUR
1432578,Cisk,1,2.40,0.37,18.00%,EUR
272529,AMERICANO,1,2.00,0.31,18.00%,EUR
272887,Cidre,1,3.40,0.52,18.00%,EUR
271838,BCRS,1,0.10,0.02,18.00%,EUR
271879,BCRS,1,0.05,0.01,18.00%,EUR
276701,Milkshakes,1,4.00,0.61,18.00%,EUR
276167,CAPPUCCINO,1,2.50,0.38,18.00%,EUR
275572,CAPPUCCINO,2,5.00,0.76,18.00%,EUR
275572,CAPPUCCINO,2,6.00,0.92,18.00%,EUR
273802,Cappuccino,1,2.50,0.38,18.00%,EUR
273802,Espresso,1,1.80,0.27,18.00%,EUR
276853,Fonzies,1,1.00,0.15,18.00%,EUR
271788,BCRS,2,0.20,0.03,18.00%,EUR
271934,ESPRESSO,3,4.50,0.69,18.00%,EUR
271934,CAPPUCCINO,2,6.00,0.92,18.00%,EUR
271296,Pepsi,1,1.90,0.29,18.00%,EUR
271296,Kinnie,1,1.90,0.29,18.00%,EUR
271103,Cappuccino,1,2.50,0.38,18.00%,EUR
271103,Americano,1,2.20,0.34,18.00%,EUR
275670,Cappuccino,1,2.50,0.38,18.00%,EUR
276600,Espresso,1,1.80,0.27,18.00%,EUR
271364,CAPPUCCINO,1,2.50,0.38,18.00%,EUR
1420532,Chocolates,2,2.40,0.37,18.00%,EUR
1430030,Capuccino,1,1.50,0.23,18.00%,EUR
1430030,Tea,1,0.80,0.12,18.00%,EUR
273908,CAPPUCCINO,1,3.00,0.46,18.00%,EUR
273908,CAPPUCCINO,1,2.50,0.38,18.00%,EUR
273908,BAGEL,1,5.80,0.88,18.00%,EUR
273859,BCRS,2,0.20,0.03,18.00%,EUR
273859,WATER,1,1.55,0.24,18.00%,EUR
271153,Cappuccino,1,2.50,0.38,18.00%,EUR
272514,BCRS,1,0.10,0.02,18.00%,EUR
276683,BCRS,1,0.10,0.02,18.00%,EUR
276683,Ketchup,2,0.80,0.12,18.00%,EUR
1425130,MUFFINS,3,6.00,0.92,18.00%,EUR
272658,Smoothies,1,4.00,0.61,18.00%,EUR
273621,Cappuccino,1,2.50,0.38,18.00%,EUR
1427381,Scoops,1,3.60,0.55,18.00%,EUR
276790,ESPRESSO,1,1.50,0.23,18.00%,EUR
1424043,CROSSAINTS,1,2.50,0.38,18.00%,EUR
275852,Cocktail,1,9.50,1.45,18.00%,EUR
1433114,Espresso,1,2.00,0.31,18.00%,EUR
274747,Espresso,2,3.60,0.55,18.00%,EUR
271977,CAPPUCCINO,2,5.00,0.76,18.00%,EUR
276477,Cappuccino,2,5.00,0.76,18.00%,EUR
272096,MACCHIATO,1,1.80,0.27,18.00%,EUR
1436979,Scoops,2,7.20,1.10,18.00%,EUR
271327,Espresso,1,2.00,0.31,18.00%,EUR
274972,LATTE,1,3.70,0.56,18.00%,EUR
274972,LATTE,1,3.20,0.49,18.00%,EUR
274707,BBQ,2,1.40,0.21,18.00%,EUR
274707,Mayonaise,1,0.40,0.06,18.00%,EUR
1426891,Scoops,1,2.30,0.35,18.00%,EUR
1426891,Scoops,2,4.60,0.70,18.00%,EUR
271708,BCRS,1,0.10,0.02,18.00%,EUR
271708,BBQ,1,0.70,0.11,18.00%,EUR
276865,CAPPUCCINO,2,5.00,0.76,18.00%,EUR
271577,Burrata,1,18.00,2.75,18.00%,EUR
271577,Cheesecake,1,7.50,1.14,18.00%,EUR
271577,Espresso,2,4.00,0.61,18.00%,EUR
271102,Espresso,1,1.80,0.27,18.00%,EUR
1432440,Skol,1,1.90,0.29,18.00%,EUR
1432440,Tea,1,0.80,0.12,18.00%,EUR
275236,CORTADO,1,3.00,0.46,18.00%,EUR
275839,Coleslaw,1,2.35,0.36,18.00%,EUR
275839,Mayonaise,1,0.40,0.06,18.00%,EUR
276634,BCRS,2,0.20,0.03,18.00%,EUR
275067,CAPPUCCINO,2,5.00,0.76,18.00%,EUR
275072,MACCHIATO,2,3.60,0.55,18.00%,EUR
276805,CAPPUCCINO,1,2.50,0.38,18.00%,EUR
271610,Peppercorn,1,13.95,2.13,18.00%,EUR
276583,Slush,1,3.25,0.50,18.00%,EUR
271756,Bavaria,2,5.80,0.88,18.00%,EUR
276830,AMERICANO,2,4.00,0.61,18.00%,EUR
272978,CAPPUCCINO,2,5.00,0.76,18.00%,EUR
276688,BCRS,2,0.20,0.03,18.00%,EUR
276049,Espresso,1,1.80,0.27,18.00%,EUR
274701,MOCHA,1,3.20,0.49,18.00%,EUR
276798,Espresso,1,1.80,0.27,18.00%,EUR
1432168,Cappuccino,6,12.15,1.85,18.00%,EUR
1441020,Tea,2,1.60,0.24,18.00%,EUR
271522,Muffin,1,2.20,0.34,18.00%,EUR
272875,Espresso,1,1.80,0.27,18.00%,EUR
272875,Tea,1,2.50,0.38,18.00%,EUR
1429458,CROSSAINTS,1,2.50,0.38,18.00%,EUR
271890,BCRS,1,0.10,0.02,18.00%,EUR
271990,Cappuccino,1,2.50,0.38,18.00%,EUR
275737,Slush,1,3.25,0.50,18.00%,EUR
1418244,Capuccino,1,1.50,0.23,18.00%,EUR
275843,Slush,1,3.25,0.50,18.00%,EUR
1423760,Scoops,1,2.30,0.35,18.00%,EUR
1423760,Scoops,1,3.60,0.55,18.00%,EUR
273306,CAPPUCCINO,1,2.50,0.38,18.00%,EUR
271559,Cisk,2,4.00,0.61,18.00%,EUR
271559,Jameson,1,3.00,0.46,18.00%,EUR
1416744,Cisk,1,2.40,0.37,18.00%,EUR
1435750,Espresso,1,1.40,0.21,18.00%,EUR
1433472,Sausage,2,2.00,0.31,18.00%,EUR
1420424,Scoops,1,3.60,0.55,18.00%,EUR
276740,PEPSI,1,1.95,0.30,18.00%,EUR
276740,BCRS,1,0.10,0.02,18.00%,EUR
271911,BCRS,2,0.10,0.02,18.00%,EUR
1423254,Scoops,1,3.60,0.55,18.00%,EUR
1418787,Scoops,1,2.30,0.35,18.00%,EUR
1418787,Water,1,1.00,0.15,18.00%,EUR
1429753,WATER,1,1.00,0.15,18.00%,EUR
275844,Tea,1,2.50,0.38,18.00%,EUR
1423750,Scoops,1,3.60,0.55,18.00%,EUR
1416941,Espresso,1,1.20,0.18,18.00%,EUR
1416941,Water,1,1.00,0.15,18.00%,EUR
272890,MACCHIATO,2,3.60,0.55,18.00%,EUR
271087,Cidre,1,3.40,0.52,18.00%,EUR
275922,AMERICANO,2,4.00,0.61,18.00%,EUR
275922,BAGEL,1,5.80,0.88,18.00%,EUR
271607,BCRS,1,0.05,0.01,18.00%,EUR
274341,REDBULL,1,2.50,0.38,18.00%,EUR
274341,BCRS,1,0.10,0.02,18.00%,EUR
275731,Aperitivo,1,20.00,3.05,18.00%,EUR
275731,Tiramisu,1,7.00,1.07,18.00%,EUR
275731,Espresso,1,2.00,0.31,18.00%,EUR
1433256,Espresso,2,2.80,0.43,18.00%,EUR
271907,Heineken,1,2.90,0.44,18.00%,EUR
271270,CAPPUCCINO,1,2.50,0.38,18.00%,EUR
271270,ESPRESSO,1,1.50,0.23,18.00%,EUR
274950,ESPRESSO,1,1.50,0.23,18.00%,EUR
274950,CAPPUCCINO,1,2.50,0.38,18.00%,EUR
276744,Negroni,2,19.00,2.90,18.00%,EUR
276744,Cacciatora,1,20.00,3.05,18.00%,EUR
276744,Burrata,1,18.00,2.75,18.00%,EUR
1417174,Tea,5,4.00,0.61,18.00%,EUR
1424020,Cappucino,2,4.00,0.61,18.00%,EUR
275892,CAPPUCCINO,1,2.50,0.38,18.00%,EUR
271290,CAPPUCCINO,1,2.50,0.38,18.00%,EUR
271187,BCRS,1,0.10,0.02,18.00%,EUR
276366,Slush,1,3.25,0.50,18.00%,EUR
271662,Espresso,2,3.60,0.55,18.00%,EUR
271662,Cappuccino,2,5.00,0.76,18.00%,EUR
271662,Americano,1,2.20,0.34,18.00%,EUR
272615,ESPRESSO,1,1.50,0.23,18.00%,EUR
272615,BAGEL,1,5.80,0.88,18.00%,EUR
1417540,Capuccino,1,1.50,0.23,18.00%,EUR
276525,BCRS,1,0.10,0.02,18.00%,EUR
271869,Cisk,2,4.00,0.61,18.00%,EUR
271869,Jameson,2,6.00,0.92,18.00%,EUR
271869,Bombay,1,3.50,0.53,18.00%,EUR
274609,BCRS,1,0.10,0.02,18.00%,EUR
271844,Margarita,1,6.50,0.99,18.00%,EUR
271844,Cisk,1,4.00,0.61,18.00%,EUR
1433110,Americano,1,1.40,0.21,18.00%,EUR
1433110,Cappucino,1,2.00,0.31,18.00%,EUR
273775,Smoothies,1,4.00,0.61,18.00%,EUR
273775,Bavaria,1,2.90,0.44,18.00%,EUR
273937,CAPPUCCINO,1,2.50,0.38,18.00%,EUR
273937,CORTADO,2,6.00,0.92,18.00%,EUR
1428029,Scoops,1,3.60,0.55,18.00%,EUR
271139,Cappuccino,1,2.50,0.38,18.00%,EUR
271655,Baileys,2,6.00,0.92,18.00%,EUR
271663,Espresso,1,1.80,0.27,18.00%,EUR
275204,Americano,1,2.20,0.34,18.00%,EUR
271666,Americano,1,2.20,0.34,18.00%,EUR
271666,Latte,1,2.50,0.38,18.00%,EUR
273074,AMERICANO,2,4.00,0.61,18.00%,EUR
271302,LATTE,1,3.20,0.49,18.00%,EUR
274817,CAPPUCCINO,1,3.00,0.46,18.00%,EUR
276493,Cappuccino,1,2.50,0.38,18.00%,EUR
276493,Americano,1,2.20,0.34,18.00%,EUR
276246,PASTA,1,7.00,1.07,18.00%,EUR
1424933,Water,1,1.20,0.18,18.00%,EUR
271384,Burganara,1,17.45,2.66,18.00%,EUR
272976,Cappuccino,1,2.50,0.38,18.00%,EUR
271263,CAPPUCCINO,1,3.00,0.46,18.00%,EUR
271263,BAGEL,1,5.80,0.88,18.00%,EUR
271233,BCRS,2,0.20,0.03,18.00%,EUR
271233,BBQ,1,0.70,0.11,18.00%,EUR
271233,Mayonaise,1,0.40,0.06,18.00%,EUR
271233,Ketchup,1,0.30,0.05,18.00%,EUR
271515,BCRS,1,0.10,0.02,18.00%,EUR
271515,Ketchup,1,0.40,0.06,18.00%,EUR
271515,Mayonaise,1,0.40,0.06,18.00%,EUR
274937,BCRS,1,0.10,0.02,18.00%,EUR
275764,Cappuccino,1,2.50,0.38,18.00%,EUR
273479,CORTADO,1,3.00,0.46,18.00%,EUR
273479,CAPPUCCINO,1,2.50,0.38,18.00%,EUR
271511,Cappuccino,2,5.00,0.76,18.00%,EUR
1429412,TYRELLS,1,1.10,0.17,18.00%,EUR
271894,Cisk,1,2.70,0.41,18.00%,EUR
273019,ESPRESSO,1,1.50,0.23,18.00%,EUR
273019,WRAPS,1,6.00,0.92,18.00%,EUR
271278,CAPPUCCINO,1,2.50,0.38,18.00%,EUR
1420358,Scoops,1,3.60,0.55,18.00%,EUR
271768,Cisk,2,5.40,0.82,18.00%,EUR
271449,CAPPUCCINO,1,3.00,0.46,18.00%,EUR
271449,CAPPUCCINO,1,3.00,0.46,18.00%,EUR
276698,BCRS,1,0.10,0.02,18.00%,EUR
276698,Coleslaw,1,1.80,0.27,18.00%,EUR
272820,Cacciatora,1,20.00,3.05,18.00%,EUR
1424152,Cappucino,1,2.00,0.31,18.00%,EUR
1428946,Scoops,1,3.60,0.55,18.00%,EUR
275431,WRAPS,2,12.00,1.83,18.00%,EUR
274840,Slush,2,6.50,0.99,18.00%,EUR
276861,Cappuccino,2,5.00,0.76,18.00%,EUR
276801,MACCHIATO,1,1.80,0.27,18.00%,EUR
1424207,Cappucino,1,2.00,0.31,18.00%,EUR
275189,Espresso,1,1.80,0.27,18.00%,EUR
275022,CAPPUCCINO,1,2.50,0.38,18.00%,EUR
272102,CAPPUCCINO,1,2.50,0.38,18.00%,EUR
276816,Cappuccino,1,2.50,0.38,18.00%,EUR
276745,Smirnoff,1,3.00,0.46,18.00%,EUR
271149,Heineken,1,2.90,0.44,18.00%,EUR
276429,Cisk,2,5.40,0.82,18.00%,EUR
271658,BCRS,1,0.10,0.02,18.00%,EUR
1441079,Maltese,1,16.00,2.44,18.00%,EUR
1441079,Tiara,1,30.00,4.58,18.00%,EUR
1441079,Oban,1,8.00,1.22,18.00,EUR
273892,Heineken,2,5.80,0.88,18.00%,EUR
273892,Latte,1,2.50,0.38,18.00%,EUR
1436703,Americano,1,1.50,0.23,18.00%,EUR
1427059,Espresso,1,1.40,0.21,18.00%,EUR
1427059,Skol,1,1.90,0.29,18.00%,EUR
273033,Espresso,1,1.80,0.27,18.00%,EUR
1439798,Water,2,2.00,0.31,18.00%,EUR
1420479,Scoops,2,5.60,0.85,18.00%,EUR
1420479,Water,2,2.00,0.31,18.00%,EUR
1420479,Water,1,1.50,0.23,18.00%,EUR
274812,Capuccino,1,2.00,0.31,18.00%,EUR
271570,Mirinda,1,2.00,0.31,18.00%,EUR
273801,BCRS,1,0.10,0.02,18.00%,EUR
272699,Americano,1,2.20,0.34,18.00%,EUR
276643,Cappuccino,1,2.50,0.38,18.00%,EUR
276643,Latte,1,2.50,0.38,18.00%,EUR
1419790,Cisk,1,2.40,0.37,18.00%,EUR
276719,BCRS,1,0.10,0.02,18.00%,EUR
276719,BBQ,2,1.40,0.21,18.00%,EUR
271658,BCRS,1,0.10,0.02,18.00%,EUR
271629,Cisk,1,2.70,0.41,18.00%,EUR
275972,CAPPUCCINO,1,2.50,0.38,18.00%,EUR
275972,ESPRESSO,1,1.50,0.23,18.00%,EUR
272876,Aperitivo,1,20.00,3.05,18.00%,EUR
272876,Tiramisu,1,7.00,1.07,18.00%,EUR
271485,Coleslaw,1,2.35,0.36,18.00%,EUR
274125,CAPPUCCINO,1,3.00,0.46,18.00%,EUR
271601,Limoncello,1,2.50,0.38,18.00%,EUR
1436179,Pepsi,1,1.90,0.29,18.00%,EUR
1429299,CROSSAINTS,1,2.50,0.38,18.00%,EUR
1434461,Espresso,1,1.40,0.21,18.00%,EUR
274198,CAPPUCCINO,1,3.00,0.46,18.00%,EUR
276812,ESPRESSO,1,1.50,0.23,18.00%,EUR
276812,BAGEL,1,5.80,0.88,18.00%,EUR
271889,BCRS,1,0.05,0.01,18.00%,EUR
275693,CAPPUCCINO,1,3.00,0.46,18.00%,EUR
275693,ESPRESSO,1,1.50,0.23,18.00%,EUR
273119,Espresso,2,3.60,0.55,18.00%,EUR
273119,Americano,2,4.40,0.67,18.00%,EUR
275105,CAPPUCCINO,2,5.00,0.76,18.00%,EUR
271501,Cisk,2,5.40,0.82,18.00%,EUR
272997,MOCHA,1,2.70,0.41,18.00%,EUR
275792,BCRS,1,0.10,0.02,18.00%,EUR
276099,Milkshakes,1,4.00,0.61,18.00%,EUR
275597,ESPRESSO,1,1.50,0.23,18.00%,EUR
1437193,Cappucino,1,2.00,0.31,18.00%,EUR
276796,CAPPUCCINO,2,5.00,0.76,18.00%,EUR
275713,BCRS,1,0.10,0.02,18.00%,EUR
272049,AMERICANO,1,2.00,0.31,18.00%,EUR
276565,Americano,2,4.40,0.67,18.00%,EUR
275997,Cappuccino,1,2.50,0.38,18.00%,EUR
274005,Cappuccino,1,2.50,0.38,18.00%,EUR
274005,Americano,1,2.20,0.34,18.00%,EUR
276759,Coleslaw,1,2.35,0.36,18.00%,EUR
276759,PEPSI,1,2.20,0.34,18.00%,EUR
275035,CAPPUCCINO,1,2.50,0.38,18.00%,EUR
276697,Latte,1,2.50,0.38,18.00%,EUR
276697,Americano,1,2.20,0.34,18.00%,EUR
272837,Cisk,1,2.00,0.31,18.00%,EUR
275903,CAPPUCCINO,2,5.00,0.76,18.00%,EUR
275536,Espresso,2,3.60,0.55,18.00%,EUR
273086,Cappuccino,1,2.50,0.38,18.00%,EUR
1433077,Cappucino,1,2.00,0.31,18.00%,EUR
1433077,Espresso,1,1.40,0.21,18.00%,EUR
271476,Aperitivo,1,20.00,3.05,18.00%,EUR
271476,Tiramisu,1,7.00,1.07,18.00%,EUR
274423,ESPRESSO,1,1.50,0.23,18.00%,EUR
1439179,Bounty,4,5.60,0.85,18.00%,EUR
1439179,Excel,6,11.40,1.74,18.00%,EUR
271703,Smoothies,1,4.00,0.61,18.00%,EUR
272034,Cappuccino,1,2.50,0.38,18.00%,EUR
272252,Lemonade,1,3.20,0.49,18.00%,EUR
275889,CAPPUCCINO,1,2.50,0.38,18.00%,EUR
276054,ESPRESSO,2,3.00,0.46,18.00%,EUR
1426633,MUFFINS,1,2.00,0.31,18.00%,EUR
274916,Cappuccino,2,5.00,0.76,18.00%,EUR
272753,ESPRESSO,1,1.50,0.23,18.00%,EUR
271842,BCRS,3,0.30,0.05,18.00%,EUR
274204,Espresso,1,1.80,0.27,18.00%,EUR
273211,MACCHIATO,1,1.80,0.27,18.00%,EUR
273211,CAPPUCCINO,1,3.00,0.46,18.00%,EUR
274791,Cappuccino,1,2.50,0.38,18.00%,EUR
1441445,Capuccino,2,3.60,0.55,18.00%,EUR
275354,WRAPS,3,18.00,2.75,18.00%,EUR
275354,LATTE,1,3.70,0.56,18.00%,EUR
275354,CAPPUCCINO,1,2.50,0.38,18.00%,EUR
275354,AMERICANO,1,2.00,0.31,18.00%,EUR
272992,CAPPUCCINO,1,3.00,0.46,18.00%,EUR
276609,Heineken,1,2.90,0.44,18.00%,EUR
271959,Coffee,1,2.03,0.31,18.00%,EUR
1420618,Scoops,1,3.60,0.55,18.00%,EUR
271452,Aperitivo,1,20.00,3.05,18.00%,EUR
271759,Slush,1,3.25,0.50,18.00%,EUR
271759,Cisk,1,2.70,0.41,18.00%,EUR
271426,TEA,1,1.50,0.23,18.00%,EUR
271426,LATTE,1,3.20,0.49,18.00%,EUR
271586,BCRS,1,0.10,0.02,18.00%,EUR
273776,BCRS,1,0.10,0.02,18.00%,EUR
273832,Cisk,1,2.70,0.41,18.00%,EUR
275622,Tea,1,2.50,0.38,18.00%,EUR
271454,LATTE,1,3.20,0.49,18.00%,EUR
271454,CALZONE,1,3.50,0.53,18.00%,EUR
276641,BCRS,3,0.15,0.02,18.00%,EUR
1437076,Heineken,1,2.20,0.34,18.00%,EUR
1421413,Skol,1,1.90,0.29,18.00%,EUR
276096,AMERICANO,1,2.00,0.31,18.00%,EUR
276096,CAPPUCCINO,1,2.50,0.38,18.00%,EUR
276681,BCRS,2,0.20,0.03,18.00%,EUR
276681,BBQ,1,0.70,0.11,18.00%,EUR
271680,Cappuccino,1,2.50,0.38,18.00%,EUR
271497,Smoothies,1,4.00,0.61,18.00%,EUR
1430036,Cappuccino,1,2.25,0.34,18.00%,EUR
271159,Slush,1,3.25,0.50,18.00%,EUR
276335,CAPPUCCINO,1,2.50,0.38,18.00%,EUR
275804,Americano,1,2.20,0.34,18.00%,EUR
271810,Espresso,1,1.80,0.27,18.00%,EUR
271630,Cacciatora,1,20.00,3.05,18.00%,EUR
1424689,Tea,1,0.80,0.12,18.00%,EUR
1434317,MUFFINS,2,4.00,0.61,18.00%,EUR
1424153,Cappucino,2,4.00,0.61,18.00%,EUR
275976,CAPPUCCINO,1,3.00,0.46,18.00%,EUR
275838,PEPSI,1,1.95,0.30,18.00%,EUR
275838,BCRS,1,0.10,0.02,18.00%,EUR
274984,Cappuccino,1,2.50,0.38,18.00%,EUR
272869,Cacciatora,1,20.00,3.05,18.00%,EUR
272869,Tiramisu,1,7.00,1.07,18.00%,EUR
1418930,Scoops,3,10.80,1.65,18.00%,EUR
271347,Pepsi,1,1.14,0.17,18.00%,EUR
271347,Kinnie,1,1.14,0.17,18.00%,EUR
271939,AMERICANO,1,2.00,0.31,18.00%,EUR
271939,CAPPUCCINO,1,3.00,0.46,18.00%,EUR
272586,Americano,1,2.20,0.34,18.00%,EUR
271223,Smirnoff,1,2.50,0.38,18.00%,EUR
273187,Americano,2,4.40,0.67,18.00%,EUR
273187,Fonzies,1,1.00,0.15,18.00%,EUR
271674,Cappuccino,2,5.00,0.76,18.00%,EUR
271165,Fonzies,1,1.00,0.15,18.00%,EUR
271165,Muffin,1,2.20,0.34,18.00%,EUR
1424952,Tea,1,0.80,0.12,18.00%,EUR
272259,Latte,1,2.50,0.38,18.00%,EUR
272259,Americano,1,2.20,0.34,18.00%,EUR
276554,LATTE,1,3.70,0.56,18.00%,EUR
275476,Americano,1,2.20,0.34,18.00%,EUR
1419437,Espresso,1,1.20,0.18,18.00%,EUR
1419437,Water,1,1.50,0.23,18.00%,EUR
1437166,Pastizzi,2,1.40,0.21,18.00%,EUR
271807,BCRS,1,0.10,0.02,18.00%,EUR
271807,BBQ,1,0.70,0.11,18.00%,EUR
272300,BCRS,1,0.10,0.02,18.00%,EUR
275007,CAPPUCCINO,1,2.50,0.38,18.00%,EUR
1424310,Halls,1,1.20,0.18,18.00%,EUR
271258,Cisk,8,16.00,2.44,18.00%,EUR
271260,CAPPUCCINO,1,3.00,0.46,18.00%,EUR
1420560,Scoops,1,2.30,0.35,18.00%,EUR
1420560,Scoops,1,3.60,0.55,18.00%,EUR
272025,Espresso,1,1.80,0.27,18.00%,EUR
274380,BCRS,1,0.10,0.02,18.00%,EUR
274111,BAGEL,1,5.80,0.88,18.00%,EUR
275963,BAGEL,1,5.80,0.88,18.00%,EUR
275876,CAPPUCCINO,1,2.50,0.38,18.00%,EUR
1428026,Capuccino,1,1.50,0.23,18.00%,EUR
1428026,Scoops,1,5.10,0.78,18.00%,EUR
1430142,Tea,1,0.80,0.12,18.00%,EUR
271359,Latte,1,2.50,0.38,18.00%,EUR
276814,AMERICANO,2,4.00,0.61,18.00%,EUR
275762,Cappuccino,1,2.50,0.38,18.00%,EUR
275042,CAPPUCCINO,1,3.00,0.46,18.00%,EUR
276536,Cappuccino,2,5.00,0.76,18.00%,EUR
272713,ESPRESSO,2,3.00,0.46,18.00%,EUR
276007,Americano,1,2.20,0.34,18.00%,EUR
276854,Guinness,1,4.90,0.75,18.00%,EUR
275857,Cappuccino,1,2.50,0.38,18.00%,EUR
271092,Cidre,1,3.40,0.52,18.00%,EUR
272856,Powerade,1,2.40,0.37,18.00%,EUR
274829,BCRS,1,0.10,0.02,18.00%,EUR
1438378,Pepsi,1,1.90,0.29,18.00%,EUR
1438378,Torta,1,7.50,1.14,18.00,EUR
271513,BCRS,2,0.20,0.03,18.00%,EUR
1427330,Espresso,2,2.40,0.37,18.00%,EUR
1439475,Espresso,1,1.40,0.21,18.00%,EUR
1439475,Ham,1,egg,EUR,3.50,EUR
276723,BCRS,1,0.10,0.02,18.00%,EUR
276723,BBQ,1,0.70,0.11,18.00%,EUR
275776,GATORADE,1,2.20,0.34,18.00%,EUR
275776,BCRS,1,0.10,0.02,18.00%,EUR
275841,BCRS,4,0.40,0.06,18.00%,EUR
271456,Cappuccino,2,5.00,0.76,18.00%,EUR
271456,Fonzies,1,1.00,0.15,18.00%,EUR
1427468,Tea,2,1.60,0.24,18.00%,EUR
271427,CAPPUCCINO,1,3.00,0.46,18.00%,EUR
275969,Espresso,2,3.60,0.55,18.00%,EUR
1423750,Scoops,1,3.60,0.55,18.00%,EUR
271689,Cappuccino,2,5.00,0.76,18.00%,EUR
273870,BCRS,1,0.05,0.01,18.00%,EUR
275604,HIBISCUS,1,4.50,0.69,18.00%,EUR
275604,GINGER,1,4.50,0.69,18.00%,EUR
271518,Americano,1,2.20,0.34,18.00%,EUR
1439797,Scoops,1,3.30,0.50,18.00%,EUR
275774,Cisk,4,10.80,1.65,18.00%,EUR
1424738,Cappucino,1,2.10,0.32,18.00%,EUR
274885,Americano,1,2.20,0.34,18.00%,EUR
273915,CAPPUCCINO,1,2.50,0.38,18.00%,EUR
271362,CAPPUCCINO,1,3.00,0.46,18.00%,EUR
275135,AMERICANO,1,2.00,0.31,18.00%,EUR
276863,MOCHA,1,2.70,0.41,18.00%,EUR
271280,CAPPUCCINO,1,2.50,0.38,18.00%,EUR
275840,Slush,1,3.25,0.50,18.00%,EUR
275840,Muffin,1,2.20,0.34,18.00%,EUR
271227,BCRS,1,0.10,0.02,18.00%,EUR
275130,CAPPUCCINO,1,2.50,0.38,18.00%,EUR
271589,Cacciatora,1,20.00,3.05,18.00%,EUR
271142,Americano,1,2.20,0.34,18.00%,EUR
1428343,Cisk,1,2.40,0.37,18.00%,EUR
1440016,Scoops,2,4.60,0.70,18.00%,EUR
271261,CAPPUCCINO,1,3.00,0.46,18.00%,EUR
1419209,Espresso,1,1.60,0.24,18.00%,EUR
273932,AMERICANO,2,4.00,0.61,18.00%,EUR
271154,Cisk,1,2.00,0.31,18.00%,EUR
275925,Cappuccino,1,2.50,0.38,18.00%,EUR
276851,Cappuccino,2,5.00,0.76,18.00%,EUR
272206,WRAPS,1,6.00,0.92,18.00%,EUR
1433971,TYRELLS,1,1.10,0.17,18.00%,EUR
1433716,CROSSAINTS,1,2.50,0.38,18.00%,EUR
276102,Cappuccino,2,5.00,0.76,18.00%,EUR
271959,Coffee,1,2.03,0.31,18.00%,EUR
274531,Cappuccino,1,2.50,0.38,18.00%,EUR
274691,Cappuccino,1,2.50,0.38,18.00%,EUR
271181,Cisk,3,6.00,0.92,18.00%,EUR
271181,Bombay,1,3.50,0.53,18.00%,EUR
271181,Finsbury,1,3.00,0.46,18.00%,EUR
274979,CAPPUCCINO,1,2.50,0.38,18.00%,EUR
276156,BCRS,1,0.05,0.01,18.00%,EUR
276253,ESPRESSO,1,1.50,0.23,18.00%,EUR
271215,Cappuccino,1,2.50,0.38,18.00%,EUR
271215,Powerade,1,2.40,0.37,18.00%,EUR
275193,CAPPUCCINO,1,2.50,0.38,18.00%,EUR
272848,Aperitivo,1,20.00,3.05,18.00%,EUR
1418174,Scoops,1,3.60,0.55,18.00%,EUR
273376,Fonzies,2,2.00,0.31,18.00%,EUR
275721,Cappuccino,2,5.00,0.76,18.00%,EUR
1441493,Gatorade,1,1.90,0.29,18.00%,EUR
272236,CIABATTA,1,6.00,0.92,18.00%,EUR
274131,HIBISCUS,1,4.50,0.69,18.00%,EUR
272168,CAPPUCCINO,1,2.50,0.38,18.00%,EUR
272168,MACCHIATO,1,1.80,0.27,18.00%,EUR
274732,CAPPUCCINO,1,2.50,0.38,18.00%,EUR
276646,Nibble,2,13.50,2.06,18.00%,EUR
274010,CAPPUCCINO,1,2.70,0.41,18.00%,EUR
275862,BCRS,1,0.10,0.02,18.00%,EUR
271246,Cappuccino,1,2.50,0.38,18.00%,EUR
271246,Heineken,2,5.80,0.88,18.00%,EUR
271295,CAPPUCCINO,1,3.00,0.46,18.00%,EUR
271420,Slush,1,3.25,0.50,18.00%,EUR
274047,ESPRESSO,1,1.50,0.23,18.00%,EUR
272698,CAPPUCCINO,2,5.00,0.76,18.00%,EUR
271641,BCRS,1,0.10,0.02,18.00%,EUR
271488,Coleslaw,1,2.35,0.36,18.00%,EUR
272100,CAPPUCCINO,1,2.50,0.38,18.00%,EUR
272100,CIABATTA,1,6.00,0.92,18.00%,EUR
275767,ESPRESSO,1,1.50,0.23,18.00%,EUR
274224,CAPPUCCINO,3,7.50,1.14,18.00%,EUR
275992,Cappuccino,1,2.50,0.38,18.00%,EUR
1427767,Shandy,1,1.50,0.23,18.00%,EUR
1436719,Scoops,1,3.60,0.55,18.00%,EUR
273131,CAPPUCCINO,1,2.50,0.38,18.00%,EUR
1421532,Cappucino,2,4.00,0.61,18.00%,EUR
1420664,Scoops,1,3.60,0.55,18.00%,EUR
272787,Cappuccino,2,5.00,0.76,18.00%,EUR
272787,Muffin,1,2.20,0.34,18.00%,EUR
1420318,Scoops,2,7.20,1.10,18.00%,EUR
276736,BCRS,1,0.10,0.02,18.00%,EUR
276820,Powerade,1,2.40,0.37,18.00%,EUR
274697,MORITZ,1,3.00,0.46,18.00%,EUR
271723,BCRS,1,0.10,0.02,18.00%,EUR
271086,Smoothies,2,8.00,1.22,18.00%,EUR
271086,Cappuccino,1,2.50,0.38,18.00%,EUR
1423949,Drum,1,7.80,1.19,18.00%,EUR
272836,Pepsi,1,1.90,0.29,18.00%,EUR
274921,Cisk,1,4.00,0.61,18.00%,EUR
275717,MACCHIATO,1,1.80,0.27,18.00%,EUR
275717,CAPPUCCINO,1,2.50,0.38,18.00%,EUR
274836,Tea,1,2.50,0.38,18.00%,EUR
274382,PASTA,1,7.00,1.07,18.00%,EUR
274382,BAGEL,1,5.80,0.88,18.00%,EUR
275517,BAGEL,2,11.60,1.77,18.00%,EUR
271735,Cappuccino,1,2.50,0.38,18.00%,EUR
272684,ESPRESSO,1,1.50,0.23,18.00%,EUR
273819,Tea,1,2.50,0.38,18.00%,EUR
271956,CAPPUCCINO,1,2.50,0.38,18.00%,EUR
271956,ESPRESSO,1,1.50,0.23,18.00%,EUR
273020,Smoothies,2,8.00,1.22,18.00%,EUR
1420585,Water,1,1.00,0.15,18.00%,EUR
271722,Latte,1,2.50,0.38,18.00%,EUR
1420575,Scoops,3,10.80,1.65,18.00%,EUR
1423343,Cisk,1,2.40,0.37,18.00%,EUR
275155,CAPPUCCINO,1,2.50,0.38,18.00%,EUR
271471,Cappuccino,1,2.50,0.38,18.00%,EUR
1420133,Scoops,2,4.60,0.70,18.00%,EUR
1420133,Water,1,1.00,0.15,18.00%,EUR
1416605,Tea,1,0.80,0.12,18.00%,EUR
271468,BCRS,5,0.50,0.08,18.00%,EUR
271468,GATORADE,1,2.20,0.34,18.00%,EUR
271930,LATTE,1,3.70,0.56,18.00%,EUR
1437256,Espresso,1,1.40,0.21,18.00%,EUR
274575,Americano,1,2.20,0.34,18.00%,EUR
275904,LATTE,1,3.70,0.56,18.00%,EUR
275026,ESPRESSO,1,1.50,0.23,18.00%,EUR
1423209,Cisk,3,7.20,1.10,18.00%,EUR
271124,BCRS,2,0.20,0.03,18.00%,EUR
271124,Ketchup,1,0.40,0.06,18.00%,EUR
271124,Mayonaise,1,0.40,0.06,18.00%,EUR
276847,CAPPUCCINO,2,5.00,0.76,18.00%,EUR
271376,MORITZ,1,3.00,0.46,18.00%,EUR
276818,Cappuccino,1,2.50,0.38,18.00%,EUR
271700,Latte,1,2.50,0.38,18.00%,EUR
271700,Cappuccino,1,2.50,0.38,18.00%,EUR
271700,Slush,1,3.25,0.50,18.00%,EUR
276110,Fonzies,1,1.00,0.15,18.00%,EUR
276110,Espresso,1,1.80,0.27,18.00%,EUR
276509,BCRS,4,0.40,0.06,18.00%,EUR
273825,BCRS,1,0.10,0.02,18.00%,EUR
276046,Cappuccino,2,5.00,0.76,18.00%,EUR
271137,BCRS,1,0.10,0.02,18.00%,EUR
273095,CIABATTA,1,6.00,0.92,18.00%,EUR
271161,Cisk,1,2.70,0.41,18.00%,EUR
276840,CAPPUCCINO,1,2.50,0.38,18.00%,EUR
1436556,Scoops,1,2.30,0.35,18.00%,EUR
276804,Pancakes,1,6.50,0.99,18.00%,EUR
1434080,Capuccino,2,3.00,0.46,18.00%,EUR
275801,BCRS,1,0.05,0.01,18.00%,EUR
1421502,MUFFINS,3,6.00,0.92,18.00%,EUR
271887,Latte,2,5.00,0.76,18.00%,EUR
273851,Cocktail,2,19.00,2.90,18.00%,EUR
1420503,Pudina,1,2.00,0.31,18.00%,EUR
274034,MACCHIATO,1,1.80,0.27,18.00%,EUR
274034,BAGEL,1,5.80,0.88,18.00%,EUR
274034,CAPPUCCINO,1,2.50,0.38,18.00%,EUR
271681,Cappuccino,2,5.00,0.76,18.00%,EUR
271755,Americano,1,2.20,0.34,18.00%,EUR
276632,Espresso,2,4.00,0.61,18.00%,EUR
274854,Fonzies,5,5.00,0.76,18.00%,EUR
1419262,Capuccino,1,1.50,0.23,18.00%,EUR
1419262,Espresso,1,1.20,0.18,18.00%,EUR
1419262,Espresso,1,1.60,0.24,18.00%,EUR
276568,Espresso,1,1.80,0.27,18.00%,EUR
272014,CAPPUCCINO,1,2.50,0.38,18.00%,EUR
275103,CAPPUCCINO,2,5.00,0.76,18.00%,EUR
274820,AMERICANO,1,2.00,0.31,18.00%,EUR
271731,Cappuccino,2,5.00,0.76,18.00%,EUR
275733,ESPRESSO,1,1.50,0.23,18.00%,EUR
274112,ESPRESSO,1,1.50,0.23,18.00%,EUR
274112,CALZONE,1,3.50,0.53,18.00%,EUR
1420787,WATER,1,1.00,0.15,18.00%,EUR
272072,Tea,1,2.50,0.38,18.00%,EUR
272072,Americano,1,2.20,0.34,18.00%,EUR
271895,Tea,2,5.00,0.76,18.00%,EUR
274760,Muffin,1,2.20,0.34,18.00%,EUR
1420784,Americano,1,1.40,0.21,18.00%,EUR
1420784,Cappucino,1,2.00,0.31,18.00%,EUR
271638,Bells,1,2.50,0.38,18.00%,EUR
274952,CAPPUCCINO,1,2.50,0.38,18.00%,EUR
1417976,Capuccino,3,4.50,0.69,18.00%,EUR
273550,CAPPUCCINO,1,2.50,0.38,18.00%,EUR
273550,MACCHIATO,1,1.80,0.27,18.00%,EUR
273550,ESPRESSO,1,1.50,0.23,18.00%,EUR
1439627,CALIPPO,1,2.50,0.38,18.00%,EUR
1439627,MAGNUM,2,7.00,1.07,18.00%,EUR
274877,Espresso,1,1.80,0.27,18.00%,EUR
1425015,MUFFINS,3,6.00,0.92,18.00%,EUR
275995,AMERICANO,1,2.00,0.31,18.00%,EUR
275995,BAGEL,1,5.80,0.88,18.00%,EUR
1439827,Espresso,2,2.40,0.37,18.00%,EUR
1418604,Scoops,2,4.60,0.70,18.00%,EUR
274805,CAPPUCCINO,1,2.50,0.38,18.00%,EUR
272402,WRAPS,1,6.00,0.92,18.00%,EUR
272402,PIES,1,5.50,0.84,18.00%,EUR
272402,ESPRESSO,1,1.50,0.23,18.00%,EUR
272402,MACCHIATO,1,1.80,0.27,18.00%,EUR
271853,BCRS,2,0.20,0.03,18.00%,EUR
1435517,Cappuccino,1,2.25,0.34,18.00%,EUR
273856,BEER,2,4.00,0.61,18.00%,EUR
273856,BCRS,2,0.20,0.03,18.00%,EUR
274798,Espresso,1,1.80,0.27,18.00%,EUR
275119,Cappuccino,1,2.50,0.38,18.00%,EUR
275119,Americano,1,2.20,0.34,18.00%,EUR
273822,Americano,1,2.20,0.34,18.00%,EUR
271258,Cisk,8,16.00,2.44,18.00%,EUR
272900,CAPPUCCINO,1,2.50,0.38,18.00%,EUR
275434,BCRS,1,0.10,0.02,18.00%,EUR
276602,Redbull,2,5.00,0.76,18.00%,EUR
276421,MACCHIATO,1,1.80,0.27,18.00%,EUR
276002,CAPPUCCINO,1,2.50,0.38,18.00%,EUR
276002,ESPRESSO,1,1.50,0.23,18.00%,EUR
275736,LATTE,1,3.70,0.56,18.00%,EUR
274086,CAPPUCCINO,1,2.50,0.38,18.00%,EUR
273068,CAPPUCCINO,2,5.00,0.76,18.00%,EUR
276571,Espresso,1,1.80,0.27,18.00%,EUR
275225,ESPRESSO,1,1.50,0.23,18.00%,EUR
271646,Bombay,2,6.00,0.92,18.00%,EUR
1440921,Tea,3,2.40,0.37,18.00%,EUR
271460,Americano,2,4.40,0.67,18.00%,EUR
271851,Americano,1,2.20,0.34,18.00%,EUR
1418395,Crisps,1,1.30,0.20,18.00%,EUR
274147,CAPPUCCINO,1,2.50,0.38,18.00%,EUR
276582,Slush,1,3.25,0.50,18.00%,EUR
271279,Espresso,1,1.80,0.27,18.00%,EUR
271257,Coleslaw,1,2.35,0.36,18.00%,EUR
271556,BCRS,1,0.05,0.01,18.00%,EUR
272767,Milkshakes,1,4.00,0.61,18.00%,EUR
276563,Cappuccino,1,2.50,0.38,18.00%,EUR
271868,BCRS,2,0.20,0.03,18.00%,EUR
271868,Coleslaw,1,1.80,0.27,18.00%,EUR
1421401,TYRELLS,1,1.10,0.17,18.00%,EUR
1436186,WATER,1,1.00,0.15,18.00%,EUR
272809,Cisk,2,4.00,0.61,18.00%,EUR
273040,Cappuccino,1,2.50,0.38,18.00%,EUR
275755,Espresso,1,1.80,0.27,18.00%,EUR
275755,Cappuccino,1,2.50,0.38,18.00%,EUR
1426831,MUFFINS,1,2.00,0.31,18.00%,EUR
272894,CAPPUCCINO,1,2.50,0.38,18.00%,EUR
1439073,Cappucino,1,2.00,0.31,18.00%,EUR
1440252,Cisk,1,2.40,0.37,18.00%,EUR
1440252,Skol,1,1.90,0.29,18.00%,EUR
274956,CAPPUCCINO,1,2.50,0.38,18.00%,EUR
272378,CAPPUCCINO,1,2.50,0.38,18.00%,EUR
273821,BCRS,1,0.10,0.02,18.00%,EUR
273876,Espresso,1,1.80,0.27,18.00%,EUR
276856,ESPRESSO,1,1.50,0.23,18.00%,EUR
275691,ESPRESSO,1,1.50,0.23,18.00%,EUR
275691,MACCHIATO,1,1.80,0.27,18.00%,EUR
276589,MORITZ,1,3.00,0.46,18.00%,EUR
1422604,MUFFINS,3,6.00,0.92,18.00%,EUR
1432728,Scoops,1,3.60,0.55,18.00%,EUR
274221,TEA,1,1.50,0.23,18.00%,EUR
273900,CAPPUCCINO,1,2.50,0.38,18.00%,EUR
273278,AMERICANO,1,2.00,0.31,18.00%,EUR
272868,BCRS,1,0.10,0.02,18.00%,EUR
1436889,Capuccino,1,1.50,0.23,18.00%,EUR
1436889,Espresso,1,1.20,0.18,18.00%,EUR
1436889,Water,1,1.00,0.15,18.00%,EUR
272289,Americano,1,2.20,0.34,18.00%,EUR
1433981,Kinnie,1,1.90,0.29,18.00%,EUR
1433981,Ham,1,egg,EUR,3.50,EUR
276716,Muffin,2,4.40,0.67,18.00%,EUR
274880,BCRS,1,0.10,0.02,18.00%,EUR
271776,Espresso,1,1.80,0.27,18.00%,EUR
276630,Americano,1,3.00,0.46,18.00%,EUR
271986,CAPPUCCINO,1,2.50,0.38,18.00%,EUR
274884,BCRS,1,0.10,0.02,18.00%,EUR
271815,Latte,1,2.50,0.38,18.00%,EUR
276430,ESPRESSO,1,1.50,0.23,18.00%,EUR
1436364,Scoops,1,3.60,0.55,18.00%,EUR
274816,BCRS,2,0.20,0.03,18.00%,EUR
274816,Mayonaise,1,0.30,0.05,18.00%,EUR
274702,Slush,1,3.25,0.50,18.00%,EUR
271300,AMERICANO,1,2.00,0.31,18.00%,EUR
271258,Cisk,8,16.00,2.44,18.00%,EUR
274139,Smoothies,1,4.00,0.61,18.00%,EUR
276064,CAPPUCCINO,1,2.50,0.38,18.00%,EUR
272798,Americano,1,1.80,0.27,18.00%,EUR
272798,Limoncello,2,5.00,0.76,18.00%,EUR
1421256,Americano,1,1.40,0.21,18.00%,EUR
276693,BCRS,1,0.05,0.01,18.00%,EUR
276693,BBQ,1,0.35,0.05,18.00%,EUR
271308,LATTE,1,3.70,0.56,18.00%,EUR
271308,ESPRESSO,1,1.50,0.23,18.00%,EUR
271308,CALZONE,1,3.50,0.53,18.00%,EUR
271543,BCRS,1,0.05,0.01,18.00%,EUR
271543,Coleslaw,1,2.35,0.36,18.00%,EUR
271504,Bavaria,1,2.90,0.44,18.00%,EUR
274030,CAPPUCCINO,1,2.50,0.38,18.00%,EUR
274030,ESPRESSO,1,1.50,0.23,18.00%,EUR
275000,CAPPUCCINO,1,2.50,0.38,18.00%,EUR
276775,Americano,1,2.20,0.34,18.00%,EUR
272858,BCRS,1,0.10,0.02,18.00%,EUR
1425101,Americano,2,2.80,0.43,18.00%,EUR
1420341,Scoops,1,2.30,0.35,18.00%,EUR
274334,CAPPUCCINO,1,2.50,0.38,18.00%,EUR
1437028,Tea,2,1.60,0.24,18.00%,EUR
276727,Burrata,1,18.00,2.75,18.00%,EUR
271135,BCRS,1,0.05,0.01,18.00%,EUR
275914,ESPRESSO,1,1.50,0.23,18.00%,EUR
271839,Smirnoff,1,3.00,0.46,18.00%,EUR
271809,Slush,1,3.25,0.50,18.00%,EUR
276744,Negroni,2,19.00,2.90,18.00%,EUR
276744,Cacciatora,1,20.00,3.05,18.00%,EUR
276744,Burrata,1,18.00,2.75,18.00%,EUR
271193,Latte,1,2.50,0.38,18.00%,EUR
272884,Burganara,2,31.90,4.87,18.00%,EUR
276839,LATTE,1,3.20,0.49,18.00%,EUR
276839,BAGEL,1,5.80,0.88,18.00%,EUR
275760,Cappuccino,1,2.50,0.38,18.00%,EUR
1427440,Capuccino,1,1.50,0.23,18.00%,EUR
1421635,Cappucino,1,2.00,0.31,18.00%,EUR
271596,Ketchup,1,0.40,0.06,18.00%,EUR
271596,Mayonaise,2,0.80,0.12,18.00%,EUR
1418804,Capuccino,1,1.50,0.23,18.00%,EUR
271440,Americano,1,2.20,0.34,18.00%,EUR
274699,Cappuccino,2,5.00,0.76,18.00%,EUR
274819,Milkshakes,1,4.00,0.61,18.00%,EUR
276815,Cappuccino,1,2.50,0.38,18.00%,EUR
1421700,MUFFINS,3,6.00,0.92,18.00%,EUR
276248,BCRS,1,0.10,0.02,18.00%,EUR
1437902,Bolognese,1,7.00,1.07,18.00%,EUR
271453,Cocktail,1,9.50,1.45,18.00%,EUR
1417076,Scoops,2,4.60,0.70,18.00%,EUR
1417076,Scoops,1,4.60,0.70,18.00%,EUR
276515,AMERICANO,1,2.00,0.31,18.00%,EUR
276515,ESPRESSO,1,1.50,0.23,18.00%,EUR
276850,Muffin,2,4.40,0.67,18.00%,EUR
276850,Fonzies,1,1.00,0.15,18.00%,EUR
273783,BCRS,1,0.10,0.02,18.00%,EUR
274054,Cappuccino,2,5.00,0.76,18.00%,EUR
271286,Bagel,1,5.00,0.76,18.00%,EUR
271286,Coffee,2,4.50,0.69,18.00%,EUR
271286,Espresso,2,4.00,0.61,18.00%,EUR
1425201,MAGNUM,1,3.50,0.53,18.00%,EUR
276576,Nibble,3,18.23,2.78,18.00%,EUR
276148,Cappuccino,1,2.50,0.38,18.00%,EUR
1433340,Cappuccino,1,2.25,0.34,18.00%,EUR
1433340,Espresso,2,4.00,0.61,18.00%,EUR
1420326,Scoops,4,14.40,2.20,18.00%,EUR
276669,Americano,1,2.20,0.34,18.00%,EUR
271724,Cappuccino,1,2.50,0.38,18.00%,EUR
273285,ESPRESSO,1,1.50,0.23,18.00%,EUR
273285,Decaf,1,EUR,EUR,INF,EUR
276549,BCRS,1,0.10,0.02,18.00%,EUR
272222,BAGEL,1,5.80,0.88,18.00%,EUR
273558,CORTADO,1,3.20,0.49,18.00%,EUR
272877,Cappuccino,1,2.50,0.38,18.00%,EUR
276809,Cappuccino,1,2.50,0.38,18.00%,EUR
276712,Tiramisu,1,7.00,1.07,18.00%,EUR
276712,Tea,1,3.50,0.53,18.00%,EUR
275104,Espresso,1,1.80,0.27,18.00%,EUR
271480,Americano,1,2.20,0.34,18.00%,EUR
271480,Powerade,1,2.40,0.37,18.00%,EUR
272661,Espresso,1,1.80,0.27,18.00%,EUR
1429255,Cappuccino,2,4.50,0.69,18.00%,EUR
271730,Slush,1,3.25,0.50,18.00%,EUR
1441520,Cappuccino,1,2.25,0.34,18.00%,EUR
271315,CAPPUCCINO,1,2.50,0.38,18.00%,EUR
271315,CIABATTA,1,6.00,0.92,18.00%,EUR
271275,MACCHIATO,1,1.80,0.27,18.00%,EUR
271275,CAPPUCCINO,1,2.50,0.38,18.00%,EUR
274808,Jameson,1,3.00,0.46,18.00%,EUR
1427442,Espresso,1,1.20,0.18,18.00%,EUR
273777,ESPRESSO,2,3.00,0.46,18.00%,EUR
272058,CAPPUCCINO,1,2.50,0.38,18.00%,EUR
272058,CIABATTA,1,6.00,0.92,18.00%,EUR
272834,Espresso,1,1.80,0.27,18.00%,EUR
272834,Cappuccino,1,2.50,0.38,18.00%,EUR
271671,Espresso,1,1.80,0.27,18.00%,EUR
276765,Smirnoff,2,6.00,0.92,18.00%,EUR
271251,Cocktail,2,19.00,2.90,18.00%,EUR
1434351,POWERADE,1,1.85,0.28,18.00%,EUR
1418458,Water,1,1.00,0.15,18.00%,EUR
276682,Shandy,1,2.00,0.31,18.00%,EUR
276682,Kinnie,1,2.00,0.31,18.00%,EUR
276677,Cacciatora,2,40.00,6.10,18.00%,EUR
1437084,Cisk,2,4.80,0.73,18.00%,EUR
1420582,Scoops,1,3.60,0.55,18.00%,EUR
272020,CAPPUCCINO,1,3.00,0.46,18.00%,EUR
276083,Cappuccino,1,2.50,0.38,18.00%,EUR
271679,Espresso,1,1.80,0.27,18.00%,EUR
271679,Cappuccino,1,2.50,0.38,18.00%,EUR
1424285,Americano,2,2.80,0.43,18.00%,EUR
1424285,Cappucino,2,4.00,0.61,18.00%,EUR
1424285,Espresso,1,1.40,0.21,18.00%,EUR
273010,ESPRESSO,1,1.50,0.23,18.00%,EUR
271957,Cappuccino,2,5.00,0.76,18.00%,EUR
271561,BCRS,3,0.30,0.05,18.00%,EUR
271573,Cisk,1,2.00,0.31,18.00%,EUR
271618,BCRS,1,0.10,0.02,18.00%,EUR
274300,CIABATTA,1,6.00,0.92,18.00%,EUR
274300,CALZONE,1,3.50,0.53,18.00%,EUR
274616,ESPRESSO,1,1.50,0.23,18.00%,EUR
271883,PEPSI,2,4.40,0.67,18.00%,EUR
276216,Cappuccino,1,2.50,0.38,18.00%,EUR
271602,BCRS,1,0.10,0.02,18.00%,EUR
276838,Espresso,1,1.80,0.27,18.00%,EUR
1439867,Scoops,1,2.30,0.35,18.00%,EUR
1436935,Water,1,1.00,0.15,18.00%,EUR
274291,ESPRESSO,1,1.50,0.23,18.00%,EUR
274291,CAPPUCCINO,1,2.50,0.38,18.00%,EUR
272147,CAPPUCCINO,1,3.00,0.46,18.00%,EUR
1424796,Cappucino,1,2.10,0.32,18.00%,EUR
272596,CAPPUCCINO,1,2.50,0.38,18.00%,EUR
272596,TEA,1,1.50,0.23,18.00%,EUR
272596,BAGEL,1,5.80,0.88,18.00%,EUR
273502,Espresso,2,3.60,0.55,18.00%,EUR
275122,BAGEL,1,5.80,0.88,18.00%,EUR
1441511,Capuccino,1,1.50,0.23,18.00%,EUR
272691,CAPPUCCINO,1,2.50,0.38,18.00%,EUR
272691,CAPPUCCINO,1,3.00,0.46,18.00%,EUR
275989,WRAPS,1,6.00,0.92,18.00%,EUR
275989,AMERICANO,1,2.00,0.31,18.00%,EUR
275989,LATTE,2,6.40,0.98,18.00%,EUR
1435517,Cappuccino,1,2.25,0.34,18.00%,EUR
271858,Smoothies,1,4.00,0.61,18.00%,EUR
1420639,Capuccino,1,1.50,0.23,18.00%,EUR
272861,Cocktail,2,19.00,2.90,18.00%,EUR
272013,CAPPUCCINO,1,2.50,0.38,18.00%,EUR
276039,AMERICANO,1,2.00,0.31,18.00%,EUR
271253,Cocktail,1,9.50,1.45,18.00%,EUR
271253,Grappa,2,12.00,1.83,18.00%,EUR
273722,BAGEL,1,5.80,0.88,18.00%,EUR
1429929,MUFFINS,2,4.00,0.61,18.00%,EUR
273327,Cappuccino,2,5.00,0.76,18.00%,EUR
274872,Slush,1,3.25,0.50,18.00%,EUR
1416917,Tea,2,1.60,0.24,18.00%,EUR
274095,CAPPUCCINO,1,2.50,0.38,18.00%,EUR
273904,CAPPUCCINO,1,2.50,0.38,18.00%,EUR
273904,ESPRESSO,1,1.50,0.23,18.00%,EUR
271549,BCRS,1,0.10,0.02,18.00%,EUR
271219,Cidre,1,3.40,0.52,18.00%,EUR
273954,CAPPUCCINO,1,2.50,0.38,18.00%,EUR
273954,Toast,1,2.00,0.31,18.00%,EUR
274257,WRAPS,1,6.00,0.92,18.00%,EUR
271767,Smoothies,2,8.00,1.22,18.00%,EUR
272121,Coffee,1,2.25,0.34,18.00%,EUR
274876,BCRS,1,0.05,0.01,18.00%,EUR
272675,Cappuccino,1,2.25,0.34,18.00%,EUR
276823,Cappuccino,1,2.50,0.38,18.00%,EUR
1417945,Espresso,1,1.20,0.18,18.00%,EUR
1417945,Tea,1,0.80,0.12,18.00%,EUR
275785,PEPSI,1,1.95,0.30,18.00%,EUR
275785,BCRS,1,0.10,0.02,18.00%,EUR
1437334,Espresso,1,2.00,0.31,18.00%,EUR
1437334,Omelette,1,5.00,0.76,18.00%,EUR
276613,Cisk,1,2.00,0.31,18.00%,EUR
273885,BEER,1,2.00,0.31,18.00%,EUR
273885,BCRS,1,0.10,0.02,18.00%,EUR
1421756,MUFFINS,3,6.00,0.92,18.00%,EUR
1421684,MUFFINS,4,8.00,1.22,18.00%,EUR
274938,Smirnoff,5,15.00,2.29,18.00%,EUR
1423277,Cisk,1,2.40,0.37,18.00%,EUR
1423277,Espresso,1,1.20,0.18,18.00%,EUR
271616,Burrata,1,18.00,2.75,18.00%,EUR
271616,Tiramisu,2,14.00,2.14,18.00%,EUR
1425113,MUFFINS,3,6.00,0.92,18.00%,EUR
276784,AMERICANO,2,4.00,0.61,18.00%,EUR
271266,AMERICANO,1,2.00,0.31,18.00%,EUR
1432149,Cappuccino,1,2.25,0.34,18.00%,EUR
272964,CALZONE,1,3.50,0.53,18.00%,EUR
272964,BAGEL,1,5.80,0.88,18.00%,EUR
272964,WRAPS,1,6.00,0.92,18.00%,EUR
1425886,Bagel,1,5.00,0.76,18.00%,EUR
273846,BCRS,1,0.10,0.02,18.00%,EUR
271823,BCRS,1,0.10,0.02,18.00%,EUR
271598,Peppercorn,1,14.95,2.28,18.00%,EUR
276706,Espresso,2,3.60,0.55,18.00%,EUR
276707,BCRS,1,0.10,0.02,18.00%,EUR
276037,Cappuccino,2,5.00,0.76,18.00%,EUR
276144,Cappuccino,1,2.50,0.38,18.00%,EUR
276753,Cacciatora,1,20.00,3.05,18.00%,EUR
276753,Espresso,2,4.00,0.61,18.00%,EUR
276753,Grappa,2,12.00,1.83,18.00%,EUR
271168,Cacciatora,1,20.00,3.05,18.00%,EUR
1427294,Water,1,1.00,0.15,18.00%,EUR
272638,ESPRESSO,1,1.50,0.23,18.00%,EUR
1416596,Cisk,1,2.40,0.37,18.00%,EUR
272022,Cappuccino,1,2.50,0.38,18.00%,EUR
274068,CAPPUCCINO,1,2.50,0.38,18.00%,EUR
276649,BCRS,3,0.30,0.05,18.00%,EUR
272642,BCRS,1,0.05,0.01,18.00%,EUR
1436014,Cappucino,1,2.10,0.32,18.00%,EUR
1440153,Cisk,1,2.40,0.37,18.00%,EUR
273816,BCRS,1,0.10,0.02,18.00%,EUR
272288,Americano,1,2.20,0.34,18.00%,EUR
1438133,Kinnie,1,1.90,0.29,18.00%,EUR
273817,Cappuccino,1,2.50,0.38,18.00%,EUR
1439527,POWERADE,1,1.85,0.28,18.00%,EUR
276810,Americano,2,4.40,0.67,18.00%,EUR
273143,CIABATTA,1,6.00,0.92,18.00%,EUR
273143,CAPPUCCINO,1,2.50,0.38,18.00%,EUR
271198,Cisk,2,4.00,0.61,18.00%,EUR
1424515,Americano,1,1.50,0.23,18.00%,EUR
1437242,Pastizzi,2,1.40,0.21,18.00%,EUR
274451,BCRS,1,0.05,0.01,18.00%,EUR
272893,Toast,1,2.00,0.31,18.00%,EUR
272893,CAPPUCCINO,1,2.50,0.38,18.00%,EUR
276813,Espresso,1,1.80,0.27,18.00%,EUR
272857,Americano,1,2.20,0.34,18.00%,EUR
1437673,Pastizzi,1,0.70,0.11,18.00%,EUR
271642,Burrata,2,36.00,5.49,18.00%,EUR
271642,Cheesecake,3,22.50,3.43,18.00%,EUR
272360,TEA,1,1.50,0.23,18.00%,EUR
273762,CAPPUCCINO,1,2.70,0.41,18.00%,EUR
272898,CAPPUCCINO,1,3.00,0.46,18.00%,EUR
271870,BCRS,4,0.40,0.06,18.00%,EUR
1440073,Cisk,1,2.40,0.37,18.00%,EUR
271826,Slush,1,3.25,0.50,18.00%,EUR
275118,CAPPUCCINO,1,2.50,0.38,18.00%,EUR
1437335,Americano,1,1.40,0.21,18.00%,EUR
1437335,Cappucino,1,2.00,0.31,18.00%,EUR
276432,WRAPS,1,6.00,0.92,18.00%,EUR
276432,CAPPUCCINO,1,3.00,0.46,18.00%,EUR
276834,AMERICANO,1,2.00,0.31,18.00%,EUR
276834,CAPPUCCINO,1,2.50,0.38,18.00%,EUR
276511,Cappuccino,1,2.50,0.38,18.00%,EUR
276511,Tea,1,2.50,0.38,18.00%,EUR
1425179,TYRELLS,1,1.10,0.17,18.00%,EUR
273912,CAPPUCCINO,1,2.50,0.38,18.00%,EUR
1427002,Pepsi,1,1.90,0.29,18.00%,EUR
1418083,Tea,1,0.80,0.12,18.00%,EUR
1431184,MUFFINS,1,2.00,0.31,18.00%,EUR
275216,CAPPUCCINO,1,3.00,0.46,18.00%,EUR
275958,Americano,2,4.40,0.67,18.00%,EUR
274882,BEER,2,4.00,0.61,18.00%,EUR
274882,BCRS,2,0.20,0.03,18.00%,EUR
274878,Smirnoff,2,5.00,0.76,18.00%,EUR
271576,BCRS,2,0.20,0.03,18.00%,EUR
272475,LATTE,1,3.20,0.49,18.00%,EUR
271734,BCRS,2,0.20,0.03,18.00%,EUR
271734,Ketchup,1,0.40,0.06,18.00%,EUR
271734,PEPSI,1,2.20,0.34,18.00%,EUR
274796,Cisk,1,2.70,0.41,18.00%,EUR
1438243,CROSSAINTS,1,2.50,0.38,18.00%,EUR
271231,Disaronno,1,3.00,0.46,18.00%,EUR
273628,CAPPUCCINO,1,2.50,0.38,18.00%,EUR
273628,MORITZ,1,3.00,0.46,18.00%,EUR
276507,Americano,1,2.20,0.34,18.00%,EUR
271325,Cappuccino,1,2.50,0.38,18.00%,EUR
271325,Smoothies,1,4.00,0.61,18.00%,EUR
1432868,Scoops,1,2.30,0.35,18.00%,EUR
1432868,Water,1,1.00,0.15,18.00%,EUR
1424572,CROSSAINTS,1,2.50,0.38,18.00%,EUR
274108,Cappuccino,2,5.00,0.76,18.00%,EUR
1421695,Kitkat,1,1.40,0.21,18.00%,EUR
1421695,Pepsi,1,1.90,0.29,18.00%,EUR
276837,ESPRESSO,1,1.50,0.23,18.00%,EUR
272865,Cappuccino,1,2.50,0.38,18.00%,EUR
272733,Powerade,1,2.40,0.37,18.00%,EUR
275868,BCRS,1,0.05,0.01,18.00%,EUR
1424053,WATER,1,1.00,0.15,18.00%,EUR
275784,Cocktail,2,19.00,2.90,18.00%,EUR
271479,Cappuccino,4,10.00,1.53,18.00%,EUR
1421773,Pepsi,1,1.90,0.29,18.00%,EUR
272788,MACCHIATO,1,1.80,0.27,18.00%,EUR
271517,BCRS,1,0.10,0.02,18.00%,EUR
273648,BCRS,1,0.10,0.02,18.00%,EUR
273428,CAPPUCCINO,1,2.50,0.38,18.00%,EUR
274461,Cappuccino,1,2.50,0.38,18.00%,EUR
274461,Muffin,1,2.20,0.34,18.00%,EUR
1427644,Capuccino,1,1.50,0.23,18.00%,EUR
271141,Fonzies,2,2.00,0.31,18.00%,EUR
271608,Grappa,1,6.00,0.92,18.00%,EUR
1427418,Tea,1,0.80,0.12,18.00%,EUR
1438284,AQUARIUS,1,1.65,0.25,18.00%,EUR
1438284,POWERADE,2,3.70,0.56,18.00%,EUR
271273,CAPPUCCINO,1,2.50,0.38,18.00%,EUR
271273,AMERICANO,1,2.00,0.31,18.00%,EUR
1440894,Capuccino,1,1.50,0.23,18.00%,EUR
275837,Redbull,2,5.00,0.76,18.00%,EUR
1417852,Tea,2,1.60,0.24,18.00%,EUR
1417852,Water,1,1.50,0.23,18.00%,EUR
271575,Cappuccino,2,5.00,0.76,18.00%,EUR
1438210,Aloe,1,2.50,0.38,18.00%,EUR
275851,BCRS,1,0.10,0.02,18.00%,EUR
275851,Ketchup,1,0.40,0.06,18.00%,EUR
275851,PEPSI,1,2.20,0.34,18.00%,EUR
275831,BCRS,1,0.10,0.02,18.00%,EUR
275777,Slush,1,3.25,0.50,18.00%,EUR
272979,Americano,2,4.40,0.67,18.00%,EUR
275662,CAPPUCCINO,1,2.50,0.38,18.00%,EUR
275662,ESPRESSO,1,1.50,0.23,18.00%,EUR
275051,Cappuccino,1,2.50,0.38,18.00%,EUR
275051,Espresso,1,1.80,0.27,18.00%,EUR
272829,BCRS,1,0.10,0.02,18.00%,EUR
272672,Americano,1,2.20,0.34,18.00%,EUR
275848,BCRS,1,0.10,0.02,18.00%,EUR
273827,BBQ,3,2.10,0.32,18.00%,EUR
273104,ESPRESSO,1,1.50,0.23,18.00%,EUR
274783,ESPRESSO,1,1.50,0.23,18.00%,EUR
271178,Tiramisu,1,7.00,1.07,18.00%,EUR
1425009,MUFFINS,3,6.00,0.92,18.00%,EUR
1438090,Mirinda,2,3.80,0.58,18.00%,EUR
1438090,Sausage,1,1.00,0.15,18.00%,EUR
1438090,Torta,1,5.50,0.84,18.00,EUR
275224,Fonzies,1,1.00,0.15,18.00%,EUR
275224,Smoothies,1,4.00,0.61,18.00%,EUR
1421174,Americano,3,4.20,0.64,18.00%,EUR
1421174,Cappucino,1,2.00,0.31,18.00%,EUR
1421174,Cappucino,1,2.10,0.32,18.00%,EUR
1428291,Tea,1,0.80,0.12,18.00%,EUR
276833,Latte,1,2.50,0.38,18.00%,EUR
275129,CAPPUCCINO,1,2.50,0.38,18.00%,EUR
275129,TEA,1,1.50,0.23,18.00%,EUR
271773,Americano,1,2.20,0.34,18.00%,EUR
1433349,Pastizzi,2,1.40,0.21,18.00%,EUR
1423566,Tea,2,1.60,0.24,18.00%,EUR
271209,Slush,1,3.25,0.50,18.00%,EUR
276668,Cidre,2,6.80,1.04,18.00%,EUR
272056,Americano,1,2.20,0.34,18.00%,EUR
274963,MACCHIATO,1,1.80,0.27,18.00%,EUR
274963,CAPPUCCINO,1,2.50,0.38,18.00%,EUR
274963,Toast,1,2.00,0.31,18.00%,EUR
273685,AMERICANO,1,2.00,0.31,18.00%,EUR
271477,Cappuccino,1,2.50,0.38,18.00%,EUR
271477,Espresso,1,1.80,0.27,18.00%,EUR
276579,Nibble,2,13.50,2.06,18.00%,EUR
271225,Limoncello,2,5.00,0.76,18.00%,EUR
271225,Perrier,1,2.00,0.31,18.00%,EUR
271967,Muffin,1,2.20,0.34,18.00%,EUR
275488,CAPPUCCINO,2,5.00,0.76,18.00%,EUR
273871,MIRINDA,1,1.95,0.30,18.00%,EUR
273871,BCRS,1,0.10,0.02,18.00%,EUR
275376,LATTE,1,3.20,0.49,18.00%,EUR
1432880,Lighter,1,1.30,0.20,18.00%,EUR
276773,Americano,1,2.20,0.34,18.00%,EUR
276773,Cappuccino,1,2.50,0.38,18.00%,EUR
273527,BAGEL,1,5.80,0.88,18.00%,EUR
273527,CAPPUCCINO,1,2.50,0.38,18.00%,EUR
1434440,Bounty,1,1.40,0.21,18.00%,EUR
1434440,Kinnie,1,1.90,0.29,18.00%,EUR
1432418,Tea,1,0.80,0.12,18.00%,EUR
273097,CAPPUCCINO,1,2.50,0.38,18.00%,EUR
271832,BCRS,2,0.20,0.03,18.00%,EUR
271478,Cisk,1,2.70,0.41,18.00%,EUR
271478,Americano,1,2.20,0.34,18.00%,EUR
271478,Espresso,1,1.80,0.27,18.00%,EUR
274855,Smirnoff,2,5.00,0.76,18.00%,EUR
273947,CAPPUCCINO,1,2.50,0.38,18.00%,EUR
273947,BAGEL,1,5.80,0.88,18.00%,EUR
272813,Slush,1,3.25,0.50,18.00%,EUR
275802,BCRS,3,0.30,0.05,18.00%,EUR
275802,REDBULL,1,2.50,0.38,18.00%,EUR
274832,Cappuccino,1,2.50,0.38,18.00%,EUR
1436285,TYRELLS,1,1.10,0.17,18.00%,EUR
275094,Cappuccino,1,2.50,0.38,18.00%,EUR
275094,Americano,1,2.20,0.34,18.00%,EUR
275094,Muffin,1,2.20,0.34,18.00%,EUR
276826,Cappuccino,1,2.50,0.38,18.00%,EUR
1417860,Tea,2,1.60,0.24,18.00%,EUR
1417860,Water,1,1.00,0.15,18.00%,EUR
1420962,Espresso,1,1.40,0.21,18.00%,EUR
275187,Americano,2,4.40,0.67,18.00%,EUR
276561,LATTE,1,3.20,0.49,18.00%,EUR
274737,Latte,1,2.50,0.38,18.00%,EUR
274737,Smoothies,1,4.00,0.61,18.00%,EUR
272825,BCRS,3,0.30,0.05,18.00%,EUR
271667,Cappuccino,1,2.50,0.38,18.00%,EUR
276728,Espresso,1,1.80,0.27,18.00%,EUR
272864,Americano,1,2.20,0.34,18.00%,EUR
275940,Cappuccino,1,2.50,0.38,18.00%,EUR
1432729,Tea,3,2.40,0.37,18.00%,EUR
271599,BCRS,1,0.10,0.02,18.00%,EUR
271972,BAGEL,1,5.80,0.88,18.00%,EUR
275987,AMERICANO,2,4.00,0.61,18.00%,EUR
1423345,Scoops,2,7.20,1.10,18.00%,EUR
1423200,Scoops,1,2.80,0.43,18.00%,EUR
271863,Cisk,2,5.40,0.82,18.00%,EUR
272902,MACCHIATO,1,1.80,0.27,18.00%,EUR
272902,Toast,1,2.00,0.31,18.00%,EUR
275959,MACCHIATO,1,1.80,0.27,18.00%,EUR
1428944,Scoops,1,2.30,0.35,18.00%,EUR
1420255,Scoops,1,3.60,0.55,18.00%,EUR
275858,Cacciatora,1,20.00,3.05,18.00%,EUR
275858,Tiramisu,1,7.00,1.07,18.00%,EUR
272107,BAGEL,1,5.80,0.88,18.00%,EUR
271196,Cisk,2,4.00,0.61,18.00%,EUR
271196,Perrier,2,4.00,0.61,18.00%,EUR
1432604,Scoops,1,3.60,0.55,18.00%,EUR
1419529,Capuccino,2,3.00,0.46,18.00%,EUR
1419529,Pastries,2,4.00,0.61,18.00%,EUR
1419529,Water,1,1.00,0.15,18.00%,EUR
273882,Cappuccino,2,5.00,0.76,18.00%,EUR
275908,Cappuccino,1,2.50,0.38,18.00%,EUR
273878,BCRS,1,0.10,0.02,18.00%,EUR
271421,MACCHIATO,1,1.80,0.27,18.00%,EUR
275652,PIES,1,5.50,0.84,18.00%,EUR
276050,MACCHIATO,2,3.60,0.55,18.00%,EUR
1423920,Water,1,1.00,0.15,18.00%,EUR
1432443,Scoops,1,2.30,0.35,18.00%,EUR
1432443,Scoops,1,3.60,0.55,18.00%,EUR
271258,Cisk,8,16.00,2.44,18.00%,EUR
273734,CAPPUCCINO,2,5.00,0.76,18.00%,EUR
275917,BAGEL,1,5.80,0.88,18.00%,EUR
271258,Cisk,8,16.00,2.44,18.00%,EUR
271486,Cappuccino,1,2.50,0.38,18.00%,EUR
274922,Espresso,1,2.00,0.31,18.00%,EUR
274726,BCRS,1,0.10,0.02,18.00%,EUR
1429002,Cappuccino,1,2.03,0.31,18.00%,EUR
1429002,Cheesecake,1,5.40,0.82,18.00%,EUR
1429002,Falanghina,1,22.50,3.43,18.00%,EUR
1429002,Imqaret,2,11.70,1.78,18.00%,EUR
1429002,Negroni,1,7.20,1.10,18.00%,EUR
272901,MORITZ,2,6.00,0.92,18.00%,EUR
272892,MACCHIATO,1,1.80,0.27,18.00%,EUR
271587,Cocktail,1,9.50,1.45,18.00%,EUR
1437728,Cappucino,1,2.00,0.31,18.00%,EUR
1437728,Pastizzi,2,1.40,0.21,18.00%,EUR
271176,Cisk,1,2.70,0.41,18.00%,EUR
1437301,CROSSAINTS,1,2.50,0.38,18.00%,EUR
1437301,WATER,1,1.00,0.15,18.00%,EUR
275921,ESPRESSO,1,1.50,0.23,18.00%,EUR
1437396,Cappucino,1,2.00,0.31,18.00%,EUR
1424524,Pepsi,1,1.90,0.29,18.00%,EUR
271243,Espresso,1,1.80,0.27,18.00%,EUR
1435690,Kitkat,1,1.40,0.21,18.00%,EUR
271128,Fonzies,2,2.00,0.31,18.00%,EUR
271714,Latte,1,2.50,0.38,18.00%,EUR
271714,Americano,1,2.20,0.34,18.00%,EUR
271714,Milkshakes,1,4.00,0.61,18.00%,EUR
271284,Cappuccino,2,5.00,0.76,18.00%,EUR
271265,TEA,1,1.50,0.23,18.00%,EUR
273829,Bavaria,1,2.90,0.44,18.00%,EUR
272817,Americano,2,3.60,0.55,18.00%,EUR
272817,Limoncello,1,2.50,0.38,18.00%,EUR
272958,CAPPUCCINO,1,2.50,0.38,18.00%,EUR
275850,Tea,2,5.00,0.76,18.00%,EUR
276190,ESPRESSO,1,1.50,0.23,18.00%,EUR
276190,CAPPUCCINO,2,5.00,0.76,18.00%,EUR
274685,BCRS,1,0.10,0.02,18.00%,EUR
274105,ESPRESSO,2,3.00,0.46,18.00%,EUR
274986,Cappuccino,1,2.50,0.38,18.00%,EUR
276762,Heineken,2,5.80,0.88,18.00%,EUR
273943,CAPPUCCINO,1,2.50,0.38,18.00%,EUR
1441221,Espresso,1,2.00,0.31,18.00%,EUR
276692,Tiramisu,1,7.00,1.07,18.00%,EUR
1419539,Heineken,2,4.40,0.67,18.00%,EUR
1419539,Water,1,1.00,0.15,18.00%,EUR
1419539,Water,1,1.50,0.23,18.00%,EUR
274945,MACCHIATO,1,1.80,0.27,18.00%,EUR
273112,AMERICANO,1,2.00,0.31,18.00%,EUR
274001,CAPPUCCINO,2,5.00,0.76,18.00%,EUR
1436799,Scoops,1,3.60,0.55,18.00%,EUR
274936,BCRS,1,0.10,0.02,18.00%,EUR
275086,ESPRESSO,1,1.50,0.23,18.00%,EUR
275107,CAPPUCCINO,1,2.50,0.38,18.00%,EUR
271445,Slush,1,3.25,0.50,18.00%,EUR
271248,BCRS,1,0.10,0.02,18.00%,EUR
274753,BCRS,1,0.10,0.02,18.00%,EUR
271256,Powerade,2,4.80,0.73,18.00%,EUR
1440734,Scoops,3,10.80,1.65,18.00%,EUR
273780,CIABATTA,1,6.00,0.92,18.00%,EUR
272653,AMERICANO,1,2.00,0.31,18.00%,EUR
272653,ESPRESSO,1,1.50,0.23,18.00%,EUR
271812,Fonzies,1,1.00,0.15,18.00%,EUR
272144,LATTE,1,3.20,0.49,18.00%,EUR
272801,Powerade,1,2.40,0.37,18.00%,EUR
273221,CAPPUCCINO,1,2.50,0.38,18.00%,EUR
276479,CAPPUCCINO,1,3.00,0.46,18.00%,EUR
273774,AMERICANO,1,2.00,0.31,18.00%,EUR
271281,CAPPUCCINO,1,2.50,0.38,18.00%,EUR
271281,BAGEL,1,5.80,0.88,18.00%,EUR
271281,WRAPS,2,12.00,1.83,18.00%,EUR
1437635,WATER,1,1.00,0.15,18.00%,EUR
273322,Americano,1,2.20,0.34,18.00%,EUR
273109,ESPRESSO,2,3.00,0.46,18.00%,EUR
273109,Decaf,2,EUR,EUR,INF,EUR
276806,Cappuccino,1,2.50,0.38,18.00%,EUR
276806,Espresso,1,1.80,0.27,18.00%,EUR
271264,CAPPUCCINO,1,2.50,0.38,18.00%,EUR
273531,AMERICANO,1,2.00,0.31,18.00%,EUR
273531,MACCHIATO,1,1.80,0.27,18.00%,EUR
271796,Latte,1,2.50,0.38,18.00%,EUR
274421,BAGEL,2,11.60,1.77,18.00%,EUR
274421,WRAPS,1,6.00,0.92,18.00%,EUR
272084,Americano,2,4.40,0.67,18.00%,EUR
1421704,MUFFINS,3,6.00,0.92,18.00%,EUR
275879,CAPPUCCINO,1,2.50,0.38,18.00%,EUR
275879,Toast,1,2.00,0.31,18.00%,EUR
272977,CAPPUCCINO,1,2.50,0.38,18.00%,EUR
273939,CAPPUCCINO,1,2.50,0.38,18.00%,EUR
273939,AMERICANO,2,4.00,0.61,18.00%,EUR
273939,CAPPUCCINO,1,3.00,0.46,18.00%,EUR
273945,BAGEL,1,5.80,0.88,18.00%,EUR
271321,Pepsi,1,1.90,0.29,18.00%,EUR
276708,CHARDON,1,23.00,3.51,18.00%,EUR
276708,Americano,2,3.60,0.55,18.00%,EUR
273373,BAGEL,1,5.80,0.88,18.00%,EUR
274003,Espresso,1,1.80,0.27,18.00%,EUR
271661,Espresso,1,1.80,0.27,18.00%,EUR
271661,Cappuccino,1,2.50,0.38,18.00%,EUR
271545,Cisk,1,2.00,0.31,18.00%,EUR
271545,Malibu,1,3.00,0.46,18.00%,EUR
271725,Espresso,1,1.80,0.27,18.00%,EUR
1428194,Capuccino,1,1.50,0.23,18.00%,EUR
276780,Cappuccino,1,2.50,0.38,18.00%,EUR
271736,Powerade,1,2.40,0.37,18.00%,EUR
1437398,CROSSAINTS,1,2.50,0.38,18.00%,EUR
274071,CIABATTA,1,6.00,0.92,18.00%,EUR
275030,Espresso,1,1.80,0.27,18.00%,EUR
275030,Cappuccino,1,2.50,0.38,18.00%,EUR
276569,Nibble,1,6.75,1.03,18.00%,EUR
276696,Cisk,1,2.00,0.31,18.00%,EUR
276635,Bavaria,1,2.90,0.44,18.00%,EUR
1423261,Scoops,1,3.60,0.55,18.00%,EUR
276200,ESPRESSO,1,1.50,0.23,18.00%,EUR
272867,Espresso,1,1.80,0.27,18.00%,EUR
276807,Pancakes,1,6.50,0.99,18.00%,EUR
273781,BCRS,1,0.05,0.01,18.00%,EUR
273781,Coleslaw,1,2.35,0.36,18.00%,EUR
276791,Cappuccino,2,5.00,0.76,18.00%,EUR
273971,Americano,1,2.20,0.34,18.00%,EUR
271654,Powerade,1,2.40,0.37,18.00%,EUR
1416819,Scoops,1,2.30,0.35,18.00%,EUR
1416819,Scoops,1,3.60,0.55,18.00%,EUR
271208,Smirnoff,1,3.00,0.46,18.00%,EUR
1426317,TYRELLS,1,1.10,0.17,18.00%,EUR
276470,Cappuccino,1,2.50,0.38,18.00%,EUR
276470,Americano,1,2.20,0.34,18.00%,EUR
272375,PIES,1,5.50,0.84,18.00%,EUR
272252,Lemonade,1,3.20,0.49,18.00%,EUR
1424984,Scoops,1,2.30,0.35,18.00%,EUR
1433263,Kinnie,1,1.90,0.29,18.00%,EUR
275795,BCRS,2,0.20,0.03,18.00%,EUR
274685,BCRS,1,0.10,0.02,18.00%,EUR
272516,ESPRESSO,1,1.50,0.23,18.00%,EUR
1432753,Scoops,1,2.30,0.35,18.00%,EUR
1432753,Scoops,1,3.60,0.55,18.00%,EUR
1432753,Slush,1,1.50,0.23,18.00%,EUR
275902,CAPPUCCINO,2,5.00,0.76,18.00%,EUR
275902,MACCHIATO,1,1.80,0.27,18.00%,EUR
1421217,Americano,2,2.80,0.43,18.00%,EUR
1421217,Cappucino,2,4.00,0.61,18.00%,EUR
271287,ESPRESSO,1,1.50,0.23,18.00%,EUR
271287,CORTADO,1,3.00,0.46,18.00%,EUR
274174,Latte,1,2.50,0.38,18.00%,EUR
276690,Tea,2,5.00,0.76,18.00%,EUR
273009,LATTE,2,7.40,1.13,18.00%,EUR
274098,CAPPUCCINO,1,2.50,0.38,18.00%,EUR
273949,CAPPUCCINO,1,2.50,0.38,18.00%,EUR
272778,WRAPS,1,6.00,0.92,18.00%,EUR
276637,Nibble,1,6.75,1.03,18.00%,EUR
274060,AMERICANO,1,2.00,0.31,18.00%,EUR
271190,Smirnoff,1,2.50,0.38,18.00%,EUR
274881,BCRS,1,0.10,0.02,18.00%,EUR
271337,Cappuccino,1,3.00,0.46,18.00%,EUR
271684,Slush,1,3.25,0.50,18.00%,EUR
271274,BAGEL,1,5.80,0.88,18.00%,EUR
271274,ESPRESSO,1,1.50,0.23,18.00%,EUR
1440560,Capuccino,2,3.00,0.46,18.00%,EUR
1427175,Scoops,1,3.60,0.55,18.00%,EUR
272032,Cappuccino,1,2.50,0.38,18.00%,EUR
274933,BCRS,1,0.10,0.02,18.00%,EUR
273953,CAPPUCCINO,1,2.50,0.38,18.00%,EUR
275555,Espresso,1,1.80,0.27,18.00%,EUR
1433254,MUFFINS,1,2.00,0.31,18.00%,EUR
272178,Cappuccino,2,5.00,0.76,18.00%,EUR
272178,Tea,1,2.50,0.38,18.00%,EUR
272009,Milkshakes,1,4.00,0.61,18.00%,EUR
271277,ESPRESSO,2,3.00,0.46,18.00%,EUR
271277,CAPPUCCINO,1,2.50,0.38,18.00%,EUR
1437065,Scoops,1,4.60,0.70,18.00%,EUR
271966,CAPPUCCINO,1,3.00,0.46,18.00%,EUR
271783,Latte,1,2.50,0.38,18.00%,EUR
271804,Cappuccino,1,2.50,0.38,18.00%,EUR
276574,Cappuccino,1,2.50,0.38,18.00%,EUR
1440914,Scoops,1,4.10,0.63,18.00%,EUR
271272,LATTE,1,3.20,0.49,18.00%,EUR
272110,LATTE,2,6.40,0.98,18.00%,EUR
273100,CAPPUCCINO,1,2.50,0.38,18.00%,EUR
1427434,Capuccino,1,1.50,0.23,18.00%,EUR
1419612,Scoops,1,2.30,0.35,18.00%,EUR
271387,Slush,1,3.25,0.50,18.00%,EUR
271418,MACCHIATO,1,1.80,0.27,18.00%,EUR
273613,BAGEL,1,5.80,0.88,18.00%,EUR
272969,CAPPUCCINO,1,2.50,0.38,18.00%,EUR
272969,CAPPUCCINO,1,2.70,0.41,18.00%,EUR
272969,CAPPUCCINO,1,3.00,0.46,18.00%,EUR
275235,BCRS,1,0.10,0.02,18.00%,EUR
275235,PEPSI,4,8.80,1.34,18.00%,EUR
271442,CAPPUCCINO,1,2.50,0.38,18.00%,EUR
1424019,WATER,1,1.00,0.15,18.00%,EUR
276799,Smoothies,1,4.00,0.61,18.00%,EUR
274859,Cisk,1,2.70,0.41,18.00%,EUR
274859,Cidre,1,3.40,0.52,18.00%,EUR
275920,Cappuccino,1,2.50,0.38,18.00%,EUR
1423349,Scoops,4,9.20,1.40,18.00%,EUR
271254,Bombay,1,3.50,0.53,18.00%,EUR
1424321,CROSSAINTS,1,2.50,0.38,18.00%,EUR
271802,Espresso,2,3.60,0.55,18.00%,EUR
273574,CAPPUCCINO,2,5.00,0.76,18.00%,EUR
1426872,Cappucino,1,2.10,0.32,18.00%,EUR
275758,Cisk,2,5.40,0.82,18.00%,EUR
271205,Cappuccino,1,2.50,0.38,18.00%,EUR
271205,Fonzies,1,1.00,0.15,18.00%,EUR
276349,BAGEL,1,5.80,0.88,18.00%,EUR
276349,ESPRESSO,1,1.50,0.23,18.00%,EUR
273864,BCRS,1,0.05,0.01,18.00%,EUR
1433463,Cappucino,1,2.00,0.31,18.00%,EUR
273013,Cappuccino,1,2.50,0.38,18.00%,EUR
1440702,Tea,1,0.80,0.12,18.00%,EUR
1421692,MAGNUM,2,7.00,1.07,18.00%,EUR
1417582,Capuccino,1,1.50,0.23,18.00%,EUR
274898,Cisk,3,6.00,0.92,18.00%,EUR
274898,Guinness,2,8.00,1.22,18.00%,EUR
274898,Limoncello,1,2.50,0.38,18.00%,EUR
274898,Jameson,1,3.00,0.46,18.00%,EUR
271947,CAPPUCCINO,1,2.50,0.38,18.00%,EUR
271947,BAGEL,1,5.80,0.88,18.00%,EUR
1437501,Pastizzi,1,0.70,0.11,18.00%,EUR
275878,CAPPUCCINO,1,2.50,0.38,18.00%,EUR
1420483,Crisps,1,1.00,0.15,18.00%,EUR
1420483,Water,2,2.00,0.31,18.00%,EUR
1436580,Cisk,1,2.40,0.37,18.00%,EUR
275734,Cacciatora,1,20.00,3.05,18.00%,EUR
1433558,Cappucino,1,2.10,0.32,18.00%,EUR
276767,Bombay,2,7.00,1.07,18.00%,EUR
1431894,TYRELLS,1,1.10,0.17,18.00%,EUR
274870,Perrier,1,2.00,0.31,18.00%,EUR
275123,Espresso,1,1.80,0.27,18.00%,EUR
275123,Fonzies,1,1.00,0.15,18.00%,EUR
271649,Cocktail,2,19.00,2.90,18.00%,EUR
271157,BCRS,1,0.10,0.02,18.00%,EUR
275714,Espresso,1,1.80,0.27,18.00%,EUR
276560,Fonzies,1,1.00,0.15,18.00%,EUR
271188,Peppercorn,1,14.95,2.28,18.00%,EUR
271188,Kinnie,1,2.50,0.38,18.00%,EUR
272105,CAPPUCCINO,1,2.50,0.38,18.00%,EUR
276831,Cappuccino,1,2.50,0.38,18.00%,EUR
276598,Americano,1,2.20,0.34,18.00%,EUR
271898,Tea,1,2.50,0.38,18.00%,EUR
271940,AMERICANO,1,2.00,0.31,18.00%,EUR
271940,MACCHIATO,1,1.80,0.27,18.00%,EUR
275692,MACCHIATO,1,1.80,0.27,18.00%,EUR
272853,PEPSI,3,6.60,1.01,18.00%,EUR
271226,PEPSI,1,2.20,0.34,18.00%,EUR
276486,AMERICANO,1,2.00,0.31,18.00%,EUR
275855,BCRS,2,0.20,0.03,18.00%,EUR
271794,Cappuccino,2,5.00,0.76,18.00%,EUR
273098,ESPRESSO,1,1.50,0.23,18.00%,EUR
272354,WRAPS,1,6.00,0.92,18.00%,EUR
1432712,Scoops,2,7.20,1.10,18.00%,EUR
274911,Cisk,1,4.00,0.61,18.00%,EUR
271285,ESPRESSO,1,1.50,0.23,18.00%,EUR
271285,CAPPUCCINO,1,3.00,0.46,18.00%,EUR
271614,BCRS,2,0.20,0.03,18.00%,EUR
272862,BCRS,2,0.20,0.03,18.00%,EUR
274081,Capuccino,2,4.00,0.61,18.00%,EUR
275392,WRAPS,1,6.00,0.92,18.00%,EUR
275392,AMERICANO,2,4.00,0.61,18.00%,EUR
276808,Americano,1,2.20,0.34,18.00%,EUR
271632,Cappuccino,1,2.50,0.38,18.00%,EUR
1417704,Woodpecker,2,7.00,1.07,18.00%,EUR
271206,PEPSI,3,5.85,0.89,18.00%,EUR
271206,BCRS,3,0.30,0.05,18.00%,EUR
274592,ESPRESSO,1,1.50,0.23,18.00%,EUR
271919,Slush,2,6.50,0.99,18.00%,EUR
273144,Heineken,2,5.80,0.88,18.00%,EUR
1427586,Capuccino,1,1.50,0.23,18.00%,EUR
1427586,Tea,1,0.80,0.12,18.00%,EUR
275131,MACCHIATO,1,1.80,0.27,18.00%,EUR
271798,BCRS,1,0.10,0.02,18.00%,EUR
1424082,Pepsi,1,1.90,0.29,18.00%,EUR
276761,BCRS,2,0.20,0.03,18.00%,EUR
275928,Tea,2,5.00,0.76,18.00%,EUR
271669,Tea,2,5.00,0.76,18.00%,EUR
272002,AMERICANO,1,2.00,0.31,18.00%,EUR
273468,Espresso,1,1.30,0.20,18.00%,EUR
273702,BCRS,2,0.20,0.03,18.00%,EUR
276794,Pancakes,2,13.00,1.98,18.00%,EUR
276794,Mushroom,2,7.95,1.21,18.00,EUR
271905,Heineken,1,2.90,0.44,18.00%,EUR
271905,Latte,1,2.50,0.38,18.00%,EUR
272142,ESPRESSO,1,1.50,0.23,18.00%,EUR
271482,Slush,1,3.25,0.50,18.00%,EUR
271686,Cappuccino,1,2.50,0.38,18.00%,EUR
1419735,Cisk,1,2.40,0.37,18.00%,EUR
272870,BCRS,1,0.05,0.01,18.00%,EUR
1422739,Cappucino,1,2.00,0.31,18.00%,EUR
1422739,Espresso,1,1.40,0.21,18.00%,EUR
1424142,CROSSAINTS,1,2.50,0.38,18.00%,EUR
273570,ESPRESSO,1,1.50,0.23,18.00%,EUR
273570,BAGEL,1,5.80,0.88,18.00%,EUR
275396,WRAPS,2,12.00,1.83,18.00%,EUR
275746,AMERICANO,1,2.00,0.31,18.00%,EUR
276608,BCRS,1,0.10,0.02,18.00%,EUR
271791,Slush,2,6.50,0.99,18.00%,EUR
274982,CAPPUCCINO,1,3.00,0.46,18.00%,EUR
275679,CAPPUCCINO,1,2.50,0.38,18.00%,EUR
1429986,Water,1,1.00,0.15,18.00%,EUR
276042,Cappuccino,1,2.50,0.38,18.00%,EUR
271867,PEPSI,1,2.20,0.34,18.00%,EUR
271867,BCRS,1,0.10,0.02,18.00%,EUR
1427901,Heineken,1,2.20,0.34,18.00%,EUR
1437874,Cappucino,1,2.00,0.31,18.00%,EUR
1437874,Espresso,1,1.40,0.21,18.00%,EUR
1437874,Pastizzi,1,0.70,0.11,18.00%,EUR
274028,Cisk,1,2.70,0.41,18.00%,EUR
271685,Cappuccino,1,2.50,0.38,18.00%,EUR
274947,CAPPUCCINO,1,3.00,0.46,18.00%,EUR
275355,ESPRESSO,1,1.50,0.23,18.00%,EUR
1433960,CROSSAINTS,1,2.50,0.38,18.00%,EUR
1424265,Cappucino,1,2.00,0.31,18.00%,EUR
272816,Guinness,1,4.00,0.61,18.00%,EUR
272231,Capuccino,2,4.00,0.61,18.00%,EUR
276658,Malibu,1,3.00,0.46,18.00%,EUR
275780,Cisk,1,2.70,0.41,18.00%,EUR
276821,Cappuccino,1,2.50,0.38,18.00%,EUR
273289,CAPPUCCINO,2,5.00,0.76,18.00%,EUR
273120,Cappuccino,1,2.50,0.38,18.00%,EUR
274306,CAPPUCCINO,1,3.00,0.46,18.00%,EUR
274306,CALZONE,1,3.50,0.53,18.00%,EUR
271590,Cocktail,1,9.50,1.45,18.00%,EUR
271590,Tiramisu,1,7.00,1.07,18.00%,EUR
271119,Cisk,2,5.40,0.82,18.00%,EUR
1420910,MUFFINS,1,2.00,0.31,18.00%,EUR
271506,Heineken,1,2.90,0.44,18.00%,EUR
273072,MACCHIATO,1,1.80,0.27,18.00%,EUR
273072,CAPPUCCINO,1,2.50,0.38,18.00%,EUR
271701,Americano,2,4.40,0.67,18.00%,EUR
272000,Cappuccino,2,5.00,0.76,18.00%,EUR
1436526,Lighter,1,1.30,0.20,18.00%,EUR
271597,Mirinda,1,2.00,0.31,18.00%,EUR
272972,CAPPUCCINO,1,2.50,0.38,18.00%,EUR
272843,Cacciatora,1,20.00,3.05,18.00%,EUR
271484,Cappuccino,2,5.00,0.76,18.00%,EUR
1420610,Scoops,1,2.30,0.35,18.00%,EUR
1420610,Scoops,1,3.60,0.55,18.00%,EUR
271475,Americano,1,2.20,0.34,18.00%,EUR
271475,Espresso,1,1.80,0.27,18.00%,EUR
272881,BCRS,3,0.30,0.05,18.00%,EUR
274065,CAPPUCCINO,3,7.50,1.14,18.00%,EUR
1437172,Cappucino,1,2.10,0.32,18.00%,EUR
276474,CAPPUCCINO,1,2.50,0.38,18.00%,EUR
274918,Cisk,4,8.00,1.22,18.00%,EUR
274918,Limoncello,1,2.50,0.38,18.00%,EUR
1432434,Heineken,1,2.20,0.34,18.00%,EUR
1432434,Tea,1,0.80,0.12,18.00%,EUR
276219,PASTA,1,7.00,1.07,18.00%,EUR
273848,WATER,1,1.20,0.18,18.00%,EUR
273848,BCRS,1,0.10,0.02,18.00%,EUR
276724,Bavaria,4,11.60,1.77,18.00%,EUR
1437341,CROSSAINTS,1,2.50,0.38,18.00%,EUR
276138,Cappuccino,1,2.50,0.38,18.00%,EUR
272030,Americano,1,2.20,0.34,18.00%,EUR
1433684,Kinnie,1,1.90,0.29,18.00%,EUR
273680,CALZONE,1,3.50,0.53,18.00%,EUR
271305,MOCHA,1,2.70,0.41,18.00%,EUR
1432535,Americano,1,1.50,0.23,18.00%,EUR
276761,BCRS,2,0.20,0.03,18.00%,EUR
272863,BCRS,1,0.10,0.02,18.00%,EUR
272939,CAPPUCCINO,1,2.50,0.38,18.00%,EUR
275255,BAGEL,1,5.80,0.88,18.00%,EUR
275255,LATTE,1,3.70,0.56,18.00%,EUR
275998,Cappuccino,1,2.50,0.38,18.00%,EUR
271309,MACCHIATO,1,1.80,0.27,18.00%,EUR
1426822,AQUARIUS,1,1.65,0.25,18.00%,EUR
275010,Tea,2,5.00,0.76,18.00%,EUR
272085,BAGEL,1,5.80,0.88,18.00%,EUR
274838,Redbull,1,2.50,0.38,18.00%,EUR
276774,Powerade,1,2.40,0.37,18.00%,EUR
1424134,Espresso,1,1.20,0.18,18.00%,EUR
275133,MACCHIATO,1,1.80,0.27,18.00%,EUR
276542,ESPRESSO,2,3.00,0.46,18.00%,EUR
275337,BCRS,1,0.10,0.02,18.00%,EUR
1416550,Scoops,1,3.60,0.55,18.00%,EUR
1416550,Water,2,2.40,0.37,18.00%,EUR
273888,BCRS,1,0.10,0.02,18.00%,EUR
273933,CAPPUCCINO,1,2.50,0.38,18.00%,EUR
271741,Americano,1,2.20,0.34,18.00%,EUR
1419574,Water,1,1.00,0.15,18.00%,EUR
1440875,Scoops,1,3.60,0.55,18.00%,EUR
275550,ESPRESSO,1,1.50,0.23,18.00%,EUR
275550,MACCHIATO,1,1.80,0.27,18.00%,EUR
1420616,Scoops,2,4.60,0.70,18.00%,EUR
1439064,Cappucino,1,2.10,0.32,18.00%,EUR
274946,MACCHIATO,1,1.80,0.27,18.00%,EUR
271713,Peroni,1,3.40,0.52,18.00%,EUR
271827,BCRS,2,0.20,0.03,18.00%,EUR
275054,ESPRESSO,1,1.50,0.23,18.00%,EUR
275054,Decaf,1,EUR,EUR,inf,EUR
274900,Latte,1,2.50,0.38,18.00%,EUR
274900,Cappuccino,1,2.50,0.38,18.00%,EUR
1432335,Espresso,2,2.40,0.37,18.00%,EUR
275554,CAPPUCCINO,2,6.00,0.92,18.00%,EUR
276344,ESPRESSO,1,1.50,0.23,18.00%,EUR
276846,CAPPUCCINO,1,3.00,0.46,18.00%,EUR
276846,LATTE,1,3.70,0.56,18.00%,EUR
272705,BCRS,1,0.10,0.02,18.00%,EUR
271856,Coleslaw,3,7.05,1.08,18.00%,EUR
273920,ESPRESSO,1,1.50,0.23,18.00%,EUR
273920,CAPPUCCINO,1,2.50,0.38,18.00%,EUR
276639,BCRS,2,0.20,0.03,18.00%,EUR
271505,Cappuccino,1,2.50,0.38,18.00%,EUR
1424313,Espresso,1,1.40,0.21,18.00%,EUR
272211,Cappuccino,1,2.50,0.38,18.00%,EUR
272656,Bavaria,1,2.90,0.44,18.00%,EUR
1432459,Scoops,1,2.30,0.35,18.00%,EUR
276666,Jameson,4,14.00,2.14,18.00%,EUR
276770,Pancakes,1,6.50,0.99,18.00%,EUR
275057,ESPRESSO,3,4.50,0.69,18.00%,EUR
273873,BCRS,2,0.20,0.03,18.00%,EUR
1440205,Americano,1,1.50,0.23,18.00%,EUR
1440205,Lighter,1,1.30,0.20,18.00%,EUR
1434464,Pastizzi,3,2.10,0.32,18.00%,EUR
275880,AMERICANO,2,4.00,0.61,18.00%,EUR
276787,ESPRESSO,1,1.50,0.23,18.00%,EUR
276787,CAPPUCCINO,1,2.50,0.38,18.00%,EUR
1433260,Cappucino,1,2.10,0.32,18.00%,EUR
274314,CAPPUCCINO,1,2.50,0.38,18.00%,EUR
274314,BAGEL,1,5.80,0.88,18.00%,EUR
271319,CAPPUCCINO,8,20.00,3.05,18.00%,EUR
271319,AMERICANO,5,10.00,1.53,18.00%,EUR
271319,ESPRESSO,2,3.00,0.46,18.00%,EUR
271267,BAGEL,2,11.60,1.77,18.00%,EUR
271267,LATTE,1,3.20,0.49,18.00%,EUR
275965,Smoothies,1,4.00,0.61,18.00%,EUR
1432870,Tea,2,1.60,0.24,18.00%,EUR
1432870,Water,1,1.00,0.15,18.00%,EUR
275805,Powerade,1,2.40,0.37,18.00%,EUR
1435587,Water,1,1.50,0.23,18.00%,EUR
276537,LATTE,1,3.20,0.49,18.00%,EUR
276416,CAPPUCCINO,1,2.50,0.38,18.00%,EUR
271298,Coffee,1,2.25,0.34,18.00%,EUR
1434000,WATER,1,1.00,0.15,18.00%,EUR
1419679,Cisk,2,4.40,0.67,18.00%,EUR
1419679,Heineken,2,4.40,0.67,18.00%,EUR
1419679,Water,1,1.50,0.23,18.00%,EUR
275772,LATTE,1,3.90,0.59,18.00%,EUR
1437173,Cappucino,1,2.10,0.32,18.00%,EUR
1437173,Espresso,1,1.50,0.23,18.00%,EUR
276702,Slush,1,3.25,0.50,18.00%,EUR
276702,Cappuccino,1,2.50,0.38,18.00%,EUR
276702,Muffin,1,2.20,0.34,18.00%,EUR
276475,BCRS,1,0.05,0.01,18.00%,EUR
276665,WATER,1,1.20,0.18,18.00%,EUR
276665,BCRS,2,0.20,0.03,18.00%,EUR
276783,CAPPUCCINO,1,2.50,0.38,18.00%,EUR
276532,ESPRESSO,2,3.00,0.46,18.00%,EUR
275260,ESPRESSO,1,1.50,0.23,18.00%,EUR
275260,Decaf,1,EUR,EUR,inf,EUR
274864,Smirnoff,2,5.00,0.76,18.00%,EUR
1441074,Mojito,1,7.00,1.07,18.00%,EUR
273076,CAPPUCCINO,1,2.50,0.38,18.00%,EUR
1419142,Capuccino,2,3.00,0.46,18.00%,EUR
1433176,Americano,3,4.20,0.64,18.00%,EUR
1433176,Bounty,1,1.40,0.21,18.00%,EUR
1433176,Cappucino,3,6.00,0.92,18.00%,EUR
275763,Espresso,1,1.80,0.27,18.00%,EUR
271673,Espresso,1,1.80,0.27,18.00%,EUR
271673,Cappuccino,1,2.50,0.38,18.00%,EUR
271291,CAPPUCCINO,1,2.50,0.38,18.00%,EUR
271291,AMERICANO,1,2.00,0.31,18.00%,EUR
271652,Slush,1,3.25,0.50,18.00%,EUR
271766,Americano,1,2.20,0.34,18.00%,EUR
274992,LATTE,1,3.20,0.49,18.00%,EUR
1439967,Scoops,1,3.60,0.55,18.00%,EUR
271720,Cisk,1,2.70,0.41,18.00%,EUR
271915,Cisk,3,12.00,1.83,18.00%,EUR
271915,Espresso,1,1.50,0.23,18.00%,EUR
271915,Smirnoff,1,3.00,0.46,18.00%,EUR
271915,Bombay,1,3.50,0.53,18.00%,EUR
1432842,Scoops,1,2.30,0.35,18.00%,EUR
1432842,Scoops,1,3.60,0.55,18.00%,EUR
274899,Slush,1,3.25,0.50,18.00%,EUR
272814,Cisk,1,2.70,0.41,18.00%,EUR
271881,Mayonaise,1,0.40,0.06,18.00%,EUR
271881,PEPSI,2,4.40,0.67,18.00%,EUR
271881,BCRS,2,0.20,0.03,18.00%,EUR
276711,Milkshakes,1,4.00,0.61,18.00%,EUR
1419763,Heineken,2,4.40,0.67,18.00%,EUR
1419763,Skol,1,1.90,0.29,18.00%,EUR
276014,Bavaria,3,8.70,1.33,18.00%,EUR
275491,CAPPUCCINO,1,2.50,0.38,18.00%,EUR
1437444,Espresso,2,2.80,0.43,18.00%,EUR
1437444,Pastizzi,1,0.70,0.11,18.00%,EUR
276793,Americano,1,2.20,0.34,18.00%,EUR
274803,Tea,1,2.50,0.38,18.00%,EUR
274803,Cappuccino,1,2.50,0.38,18.00%,EUR
1438389,Pepsi,1,1.90,0.29,18.00%,EUR
1438389,Torta,1,5.50,0.84,18.00,EUR
273359,WRAPS,1,6.00,0.92,18.00%,EUR
273820,Powerade,1,2.40,0.37,18.00%,EUR
271651,BCRS,1,0.05,0.01,18.00%,EUR
273355,AMERICANO,1,2.00,0.31,18.00%,EUR
273792,Espresso,2,3.60,0.55,18.00%,EUR
272039,BAGEL,4,23.20,3.54,18.00%,EUR
273071,CAPPUCCINO,2,5.00,0.76,18.00%,EUR
273071,CAPPUCCINO,1,3.00,0.46,18.00%,EUR
1423813,Water,1,1.00,0.15,18.00%,EUR
275220,CAPPUCCINO,1,2.50,0.38,18.00%,EUR
273255,CAPPUCCINO,2,5.00,0.76,18.00%,EUR
276555,Slush,2,6.50,0.99,18.00%,EUR
276555,Cappuccino,1,2.50,0.38,18.00%,EUR
275991,CAPPUCCINO,1,3.00,0.46,18.00%,EUR
1416793,Cisk,2,4.80,0.73,18.00%,EUR
1420470,Capuccino,2,3.00,0.46,18.00%,EUR
1420470,Scoops,1,2.30,0.35,18.00%,EUR
1423145,Scoops,3,6.90,1.05,18.00%,EUR
1425262,Bounty,1,1.40,0.21,18.00%,EUR
1425262,Lamb,1,12.50,10.593220338983,18.00,EUR
272773,CAPPUCCINO,4,10.00,1.53,18.00%,EUR
273724,CAPPUCCINO,10,25.00,3.81,18.00%,EUR
273724,AMERICANO,7,14.00,2.14,18.00%,EUR
273724,BAGEL,1,5.80,0.88,18.00%,EUR
271602,BCRS,1,0.10,0.02,18.00%,EUR
1419628,Scoops,2,4.60,0.70,18.00%,EUR
1428836,Americano,2,3.00,0.46,18.00%,EUR
276606,BCRS,1,0.10,0.02,18.00%,EUR
1440988,Cheesecake,1,6.00,0.92,18.00%,EUR
1421015,WATER,1,1.00,0.15,18.00%,EUR
271920,Heineken,5,14.50,2.21,18.00%,EUR
274485,WRAPS,1,6.00,0.92,18.00%,EUR
272914,CAPPUCCINO,1,2.50,0.38,18.00%,EUR
272850,Limoncello,2,5.00,0.76,18.00%,EUR
271931,CAPPUCCINO,1,2.50,0.38,18.00%,EUR
1419741,Cisk,1,1.50,0.23,18.00%,EUR
1419741,Cisk,1,2.20,0.34,18.00%,EUR
1419741,Heineken,2,4.40,0.67,18.00%,EUR
1419741,Water,1,1.00,0.15,18.00%,EUR
1419741,Water,1,1.50,0.23,18.00%,EUR
272954,CAPPUCCINO,1,3.00,0.46,18.00%,EUR
276673,BCRS,3,0.30,0.05,18.00%,EUR
275739,MACCHIATO,3,5.40,0.82,18.00%,EUR
275739,Almond,3,0.50,inf,0.00,EUR
272692,Espresso,1,1.80,0.27,18.00%,EUR
276817,Espresso,1,1.80,0.27,18.00%,EUR
276824,MACCHIATO,1,1.80,0.27,18.00%,EUR
276824,BAGEL,1,5.80,0.88,18.00%,EUR
276824,CAPPUCCINO,1,2.50,0.38,18.00%,EUR
276859,Espresso,1,1.80,0.27,18.00%,EUR
274378,BCRS,1,0.05,0.01,18.00%,EUR
1422874,Cappucino,2,4.00,0.61,18.00%,EUR
274897,BCRS,2,0.20,0.03,18.00%,EUR
276699,Cocktail,1,9.50,1.45,18.00%,EUR
276699,Cacciatora,1,20.00,3.05,18.00%,EUR
1426980,CROSSAINTS,1,2.50,0.38,18.00%,EUR
271793,Cappuccino,1,2.50,0.38,18.00%,EUR
271793,Tea,1,2.50,0.38,18.00%,EUR
271507,Cappuccino,1,2.50,0.38,18.00%,EUR
271882,Espresso,1,1.80,0.27,18.00%,EUR
271882,Americano,1,2.20,0.34,18.00%,EUR
276551,Espresso,1,1.80,0.27,18.00%,EUR
271625,Espresso,1,1.80,0.27,18.00%,EUR
275384,CALZONE,1,3.50,0.53,18.00%,EUR
272332,MACCHIATO,1,1.80,0.27,18.00%,EUR
272682,CAPPUCCINO,1,2.50,0.38,18.00%,EUR
271926,MACCHIATO,1,1.80,0.27,18.00%,EUR
276423,MOCHA,1,3.20,0.49,18.00%,EUR
276321,ESPRESSO,1,1.50,0.23,18.00%,EUR
276321,MACCHIATO,1,1.80,0.27,18.00%,EUR
276003,CAPPUCCINO,1,2.50,0.38,18.00%,EUR
1435371,Espresso,1,1.40,0.21,18.00%,EUR
275070,CAPPUCCINO,1,3.00,0.46,18.00%,EUR
276779,Americano,1,2.20,0.34,18.00%,EUR
276779,Muffin,1,2.20,0.34,18.00%,EUR
272012,CAPPUCCINO,1,2.50,0.38,18.00%,EUR
272012,Toast,1,2.00,0.31,18.00%,EUR
1430475,MUFFINS,1,2.00,0.31,18.00%,EUR
1419350,Cisk,1,2.40,0.37,18.00%,EUR
271712,Bavaria,2,5.80,0.88,18.00%,EUR
271772,Cappuccino,1,2.50,0.38,18.00%,EUR
275897,CAPPUCCINO,1,2.50,0.38,18.00%,EUR
272689,CAPPUCCINO,1,2.50,0.38,18.00%,EUR
274949,CAPPUCCINO,1,2.50,0.38,18.00%,EUR
273818,BCRS,2,0.10,0.02,18.00%,EUR
275906,CAPPUCCINO,1,2.50,0.38,18.00%,EUR
276822,Cappuccino,1,2.50,0.38,18.00%,EUR
1438862,Excel,1,1.90,0.29,18.00%,EUR
1439357,Cappuccino,1,2.25,0.34,18.00%,EUR
1424600,Kinnie,1,1.90,0.29,18.00%,EUR
1424600,Kitkat,1,1.40,0.21,18.00%,EUR
276558,CAPPUCCINO,1,3.00,0.46,18.00%,EUR
1438126,Cappucino,2,4.00,0.61,18.00%,EUR
1438126,Kinnie,1,1.90,0.29,18.00%,EUR
272113,CAPPUCCINO,1,2.50,0.38,18.00%,EUR
271191,Burganara,1,16.95,2.59,18.00%,EUR
271312,MIRINDA,1,2.85,0.43,18.00%,EUR
271312,BCRS,1,0.10,0.02,18.00%,EUR
271241,BEER,1,2.00,0.31,18.00%,EUR
271241,BCRS,1,0.10,0.02,18.00%,EUR
271425,MacNCheese,1,9.00,1.37,18.00%,EUR
276357,AMERICANO,1,2.00,0.31,18.00%,EUR
1419797,Cisk,1,2.40,0.37,18.00%,EUR
1419797,Tea,1,0.80,0.12,18.00%,EUR
274842,Smirnoff,2,5.00,0.76,18.00%,EUR
275286,Cappuccino,2,5.00,0.76,18.00%,EUR
271138,Cappuccino,1,2.50,0.38,18.00%,EUR
271138,Americano,1,2.20,0.34,18.00%,EUR
273902,LATTE,1,3.20,0.49,18.00%,EUR
272784,Fonzies,2,2.00,0.31,18.00%,EUR
272841,Cisk,1,2.00,0.31,18.00%,EUR
271758,Cappuccino,1,2.50,0.38,18.00%,EUR
1424826,Scoops,1,3.60,0.55,18.00%,EUR
272138,CAPPUCCINO,1,2.50,0.38,18.00%,EUR
272138,MACCHIATO,1,1.80,0.27,18.00%,EUR
272138,BAGEL,1,5.80,0.88,18.00%,EUR
272138,PIES,1,5.50,0.84,18.00%,EUR
271177,Cappuccino,1,2.50,0.38,18.00%,EUR
273701,Slush,1,3.25,0.50,18.00%,EUR
276704,Cappuccino,1,2.50,0.38,18.00%,EUR
275720,Cappuccino,1,2.50,0.38,18.00%,EUR
271918,Monster,1,2.90,0.44,18.00%,EUR
271918,Powerade,2,4.80,0.73,18.00%,EUR
273090,CAPPUCCINO,1,3.00,0.46,18.00%,EUR
272158,Smoothies,3,12.00,1.83,18.00%,EUR
275834,Latte,1,2.50,0.38,18.00%,EUR
1419916,Scoops,1,2.30,0.35,18.00%,EUR
1419916,Scoops,1,3.60,0.55,18.00%,EUR
274934,Cisk,10,20.00,3.05,18.00%,EUR
274934,JB,1,2.50,0.38,18.00%,EUR
272722,Milkshakes,2,8.00,1.22,18.00%,EUR
271527,BCRS,2,0.20,0.03,18.00%,EUR
1418127,Tea,1,0.80,0.12,18.00%,EUR
271182,BCRS,2,0.20,0.03,18.00%,EUR
1419001,Mayonnaise,2,0.60,0.09,18.00%,EUR
274906,BCRS,1,0.10,0.02,18.00%,EUR
275849,BCRS,1,0.10,0.02,18.00%,EUR
1423279,Crisps,1,1.30,0.20,18.00%,EUR
1417286,Scoops,1,2.30,0.35,18.00%,EUR
1417286,Water,2,2.00,0.31,18.00%,EUR
273809,BCRS,2,0.20,0.03,18.00%,EUR
275732,Cappuccino,1,2.50,0.38,18.00%,EUR
275732,Milkshakes,1,4.00,0.61,18.00%,EUR
276631,Cappuccino,1,2.50,0.38,18.00%,EUR
276631,Latte,1,2.50,0.38,18.00%,EUR
271750,Cappuccino,2,5.00,0.76,18.00%,EUR
275594,BAGEL,1,5.80,0.88,18.00%,EUR
272315,Slush,1,3.25,0.50,18.00%,EUR
274088,CAPPUCCINO,1,2.50,0.38,18.00%,EUR
274088,CIABATTA,1,6.00,0.92,18.00%,EUR
1423128,Skol,1,1.90,0.29,18.00%,EUR
276048,Americano,1,2.20,0.34,18.00%,EUR
1419594,Heineken,2,4.40,0.67,18.00%,EUR
274907,Jameson,1,3.00,0.46,18.00%,EUR
274907,Cisk,5,10.00,1.53,18.00%,EUR
274907,Limoncello,1,2.50,0.38,18.00%,EUR
274690,AMERICANO,1,2.00,0.31,18.00%,EUR
273795,GINGER,1,4.50,0.69,18.00%,EUR
271634,Tiramisu,2,14.00,2.14,18.00%,EUR
1425151,Heineken,1,1.90,0.29,18.00%,EUR
1432065,CROSSAINTS,1,2.50,0.38,18.00%,EUR
271521,Peroni,1,3.40,0.52,18.00%,EUR
274967,CAPPUCCINO,1,3.00,0.46,18.00%,EUR
1432918,Skol,1,1.90,0.29,18.00%,EUR
276803,Espresso,1,1.80,0.27,18.00%,EUR
276803,Americano,1,2.20,0.34,18.00%,EUR
275170,BAGEL,1,5.80,0.88,18.00%,EUR
271928,MACCHIATO,1,1.80,0.27,18.00%,EUR
274091,CAPPUCCINO,1,3.00,0.46,18.00%,EUR
274091,CAPPUCCINO,1,2.50,0.38,18.00%,EUR
271657,BCRS,1,0.05,0.01,18.00%,EUR
271664,Powerade,2,4.80,0.73,18.00%,EUR
274287,WRAPS,1,6.00,0.92,18.00%,EUR
274287,CAPPUCCINO,1,2.50,0.38,18.00%,EUR
1420857,Cappucino,2,4.00,0.61,18.00%,EUR
271229,Smirnoff,1,3.00,0.46,18.00%,EUR
273555,BCRS,1,0.10,0.02,18.00%,EUR
273555,Mayonaise,1,0.40,0.06,18.00%,EUR
271861,GATORADE,1,2.20,0.34,18.00%,EUR
271861,BCRS,1,0.10,0.02,18.00%,EUR
273898,CAPPUCCINO,1,2.50,0.38,18.00%,EUR
1433122,Americano,1,1.40,0.21,18.00%,EUR
1433122,Cappucino,1,2.00,0.31,18.00%,EUR
274751,CAPPUCCINO,1,3.00,0.46,18.00%,EUR
271843,Espresso,1,1.80,0.27,18.00%,EUR
1435517,Cappuccino,1,2.25,0.34,18.00%,EUR
271242,Smirnoff,1,3.00,0.46,18.00%,EUR
271242,Cisk,1,2.00,0.31,18.00%,EUR
271242,Jameson,2,7.00,1.07,18.00%,EUR
272484,BAGEL,1,5.80,0.88,18.00%,EUR
272484,AMERICANO,1,2.00,0.31,18.00%,EUR
271683,Slush,1,3.25,0.50,18.00%,EUR
276617,Cappuccino,1,2.50,0.38,18.00%,EUR
1436618,Capuccino,1,1.50,0.23,18.00%,EUR
1436618,Water,1,1.00,0.15,18.00%,EUR
276434,BCRS,5,0.50,0.08,18.00%,EUR
275835,PEPSI,2,4.40,0.67,18.00%,EUR
275835,BCRS,2,0.20,0.03,18.00%,EUR
1416529,Heineken,1,2.20,0.34,18.00%,EUR
271192,Latte,2,5.00,0.76,18.00%,EUR
272322,CAPPUCCINO,1,3.00,0.46,18.00%,EUR
274939,BCRS,1,0.10,0.02,18.00%,EUR
273381,WRAPS,1,6.00,0.92,18.00%,EUR
272885,Tiramisu,1,7.00,1.07,18.00%,EUR
271365,BBQ,1,0.70,0.11,18.00%,EUR
276036,MACCHIATO,1,1.80,0.27,18.00%,EUR
275375,TEA,3,4.50,0.69,18.00%,EUR
1417915,Scoops,1,2.30,0.35,18.00%,EUR
1417915,Scoops,1,3.60,0.55,18.00%,EUR
